Workbook

Sheet FC SALE
A3: THÁNG | B3: NGÀY | C3: THỨ | D3: FC SALE 30% | E3: FC SALE 70%
B4: 1 | C4: MON | D4: 3000000 | E4: 6000000
B5: =B4+1 -> 2 | C5: TUE | D5: 3000000 | E5: 6000000
B6: =B5+1 -> 3 | C6: WED | D6: 3000000 | E6: 6000000
B7: =B6+1 -> 4 | C7: THU | D7: 3000000 | E7: 6000000
B8: =B7+1 -> 5 | C8: FRI | D8: 3000000 | E8: 6000000
B9: =B8+1 -> 6 | C9: SAT | D9: 3000000 | E9: 6000000
B10: =B9+1 -> 7 | C10: SUN | D10: 3000000 | E10: 6000000 | O10: S
B11: =B10+1 -> 8 | C11: MON | D11: 3000000 | E11: 6000000
B12: =B11+1 -> 9 | C12: TUE | D12: 3000000 | E12: 6000000
B13: =B12+1 -> 10 | C13: WED | D13: 3000000 | E13: 6000000
B14: =B13+1 -> 11 | C14: THU | D14: 3000000 | E14: 6000000
A15: TOTAL | D15: =SUM(D4:D14) -> 33000000 | E15: =SUM(E4:E14) -> 66000000

Sheet ĐƠN RAU
A2: DOANH THU THÁNG | E2: 10000000 | H2: CÔNG TY TNHH KIDO EDU
H4: Trường : | I4: KIDO | Q4: Weekly Sales Trend | AM4: NCC/CK | AO4: CK | AQ4: CK | AS4: CK | AU4: NCC | AW4: CK
F6: Kế hoạch đặt hàng hóa trong Tuần | Q6: 35000000 | R6: 35000000 | X6: 30000000 | Y6: 30000000 | Z6: 30000000 | AA6: 45000000 | AB6: 45000000 | AC6: 70000000 | AD6: 70000000 | AE6: 70000000 | AF6: 60000000 | AG6: 40000000 | AH6: 40000000 | AI6: 60000000 | AJ6: 60000000 | AK6: 50000000 | AM6: 28 TET | AO6: MUNG 2 | AQ6: MUNG 3 | AS6: MUNG 5 | AU6: MUNG 6 | AW6: MUNG 9
Q7: PHÂN BỔ SỐ LƯỢNG HÀNG NHẬP TRONG TUẦN | AM7: D1 | AO7: D2 | AQ7: D' | AS7: D3 | AU7: D2 | AW7: D4
X8: 27 Tết | Y8: 28 Tết | Z8: 29 Tết | AA8: 30 Tết | AB8: Mùng 1 | AC8: Mùng 2 | AD8: Mùng 3 | AE8: Mùng 4 | AF8: Mùng 5 | AG8: Mùng 6 | AH8: Mùng 7 | AI8: Mùng 8 | AJ8: Mùng 9 | AK8: Mùng 10 | AQ8: HANG NHAP GUI TAI CK
A9: STT | B9: NHÓM | C9: TÊN NHÀ CUNG CẤP | D9: CODE | E9: TÊN HÀNG | F9: ĐVT | G9: MOQ | H9: Số xuất dùng của tháng theo doanh thu | I9: Tồn Kiểm Kê | J9: Plan Sales cho thời gian nhập hàng tới: | N9: ='FC SALE'!D15 -> 33000000 | O9: Số cần đặt sau điều chỉnh ( nhập PM ) | Q9: 44228 | R9: =Q9+1 -> 44229 | S9: =R9+1 -> 44230 | T9: =S9+1 -> 44231 | U9: =T9+1 -> 44232 | V9: =U9+1 -> 44233 | W9: =V9+1 -> 44234 | X9: =W9+1 -> 44235 | Y9: =X9+1 -> 44236 | ... AK9: =AJ9+1 -> 44248
J10: Usage per Mil | K10: Min | L10: Max | M10: Báo động | N10: Số cần đặt thêm | Q10: =Q6/$N$9 -> 1.0606061 | R10: =R6/$N$9 -> 1.0606061 | S10: =S6/$N$9 -> 0 | T10: =T6/$N$9 -> 0 | U10: =U6/$N$9 -> 0 | V10: =V6/$N$9 -> 0 | W10: =W6/$N$9 -> 0 | X10: =X6/$N$9 -> 0.90909091 | ... AK10: =AK6/$N$9 -> 1.5151515
K11: 1.2 | L11: 1.5
A12: 1 | G12: Không yêu cầu | H12: 3 | I12: 10 | J12: =IF(ISERROR(1000000*H12/$E$2),"",1000000*H12/$E$2) -> 0.3 | K12: =J12*$K$11*$N$9/1000000 -> 11.88 | L12: =J12*$L$11*$N$9/1000000 -> 14.85 | M12: =IF(I12<K12,"Cần order thêm",IF(I12>L12,"Quá nhiều hàng tồn","")) -> Cần order thêm | N12: =IF(M12="Cần order thêm",L12-I12,"") -> 4.85 | Q12: =$N12*$Q$10 -> 5.1439394 | R12: =$N12*$R$10 -> 5.1439394 | S12: =$N12*$S$10 -> 0 | T12: =$N12*$T$10 -> 0 | U12: =$N12*$U$10 -> 0 | V12: =$N12*$V$10 -> 0 | W12: =$N12*$W$10 -> 0 | X12: =$N12*$X$10 -> 4.4090909 | Y12: =$N12*$Y$10 -> 4.4090909 | Z12: =$N12*$Z$10 -> 4.4090909 | AA12: =$N12*$AA$10 -> 6.6136364 | AB12: =$N12*$AB$10 -> 6.6136364 | AC12: =$N12*$AC$10 -> 10.287879 | AD12: =$N12*$AD$10 -> 10.287879 | AE12: =$N12*$AE$10 -> 10.287879 | AF12: =$N12*$AF$10 -> 8.8181818 | AG12: =$N12*$AG$10 -> 5.8787879 | AH12: =$N12*$AH$10 -> 5.8787879 | AI12: =$N12*$AI$10 -> 8.8181818 | AJ12: =$N12*$AJ$10 -> 8.8181818 | AK12: =$N12*$AK$10 -> 7.3484848 | AM12: 5000 | AU12: 5000 | AX12: =SUM(AM12:AW12) -> 10000
A13: =A12+1 -> 2 | G13: 500000 | J13: =IF(ISERROR(1000000*H13/$E$2),"",1000000*H13/$E$2) -> 0 | K13: =J13*$K$11*$N$9/1000000 -> 0 | L13: =J13*$L$11*$N$9/1000000 -> 0 | M13: =IF(I13<K13,"Cần order thêm",IF(I13>L13,"Quá nhiều hàng tồn","")) | N13: =IF(M13="Cần order thêm",L13-I13,"") | Q13: =$N13*$Q$10 -> #VALUE! | R13: =$N13*$R$10 -> #VALUE! | S13: =$N13*$S$10 -> #VALUE! | T13: =$N13*$T$10 -> #VALUE! | U13: =$N13*$U$10 -> #VALUE! | V13: =$N13*$V$10 -> #VALUE! | W13: =$N13*$W$10 -> #VALUE! | X13: =$N13*$X$10 -> #VALUE! | Y13: =$N13*$Y$10 -> #VALUE! | Z13: =$N13*$Z$10 -> #VALUE! | AA13: =$N13*$AA$10 -> #VALUE! | AB13: =$N13*$AB$10 -> #VALUE! | AC13: =$N13*$AC$10 -> #VALUE! | AD13: =$N13*$AD$10 -> #VALUE! | AE13: =$N13*$AE$10 -> #VALUE! | AF13: =$N13*$AF$10 -> #VALUE! | AG13: =$N13*$AG$10 -> #VALUE! | AH13: =$N13*$AH$10 -> #VALUE! | AI13: =$N13*$AI$10 -> #VALUE! | AJ13: =$N13*$AJ$10 -> #VALUE! | AK13: =$N13*$AK$10 -> #VALUE! | AM13: 35000 | AQ13: 30000 | AU13: 30000 | AX13: =SUM(AM13:AW13) -> 95000
A14: =A13+1 -> 3 | J14: =IF(ISERROR(1000000*H14/$E$2),"",1000000*H14/$E$2) -> 0 | K14: =J14*$K$11*$N$9/1000000 -> 0 | L14: =J14*$L$11*$N$9/1000000 -> 0 | M14: =IF(I14<K14,"Cần order thêm",IF(I14>L14,"Quá nhiều hàng tồn","")) | N14: =IF(M14="Cần order thêm",L14-I14,"")
A15: =A14+1 -> 4 | G15: Không yêu cầu | J15: =IF(ISERROR(1000000*H15/$E$2),"",1000000*H15/$E$2) -> 0 | K15: =J15*$K$11*$N$9/1000000 -> 0 | L15: =J15*$L$11*$N$9/1000000 -> 0 | M15: =IF(I15<K15,"Cần order thêm",IF(I15>L15,"Quá nhiều hàng tồn","")) | N15: =IF(M15="Cần order thêm",L15-I15,"") | Q15: =$N15*$Q$10 -> #VALUE! | R15: =$N15*$R$10 -> #VALUE! | S15: =$N15*$S$10 -> #VALUE! | T15: =$N15*$T$10 -> #VALUE! | U15: =$N15*$U$10 -> #VALUE! | V15: =$N15*$V$10 -> #VALUE! | W15: =$N15*$W$10 -> #VALUE! | X15: =$N15*$X$10 -> #VALUE! | Y15: =$N15*$Y$10 -> #VALUE! | Z15: =$N15*$Z$10 -> #VALUE! | AA15: =$N15*$AA$10 -> #VALUE! | AB15: =$N15*$AB$10 -> #VALUE! | AC15: =$N15*$AC$10 -> #VALUE! | AD15: =$N15*$AD$10 -> #VALUE! | AE15: =$N15*$AE$10 -> #VALUE! | AF15: =$N15*$AF$10 -> #VALUE! | AG15: =$N15*$AG$10 -> #VALUE! | AH15: =$N15*$AH$10 -> #VALUE! | AI15: =$N15*$AI$10 -> #VALUE! | AJ15: =$N15*$AJ$10 -> #VALUE! | AK15: =$N15*$AK$10 -> #VALUE! | AX15: =SUM(AM15:AW15) -> 0
A16: =A15+1 -> 5 | G16: Không yêu cầu | J16: =IF(ISERROR(1000000*H16/$E$2),"",1000000*H16/$E$2) -> 0 | K16: =J16*$K$11*$N$9/1000000 -> 0 | L16: =J16*$L$11*$N$9/1000000 -> 0 | M16: =IF(I16<K16,"Cần order thêm",IF(I16>L16,"Quá nhiều hàng tồn","")) | N16: =IF(M16="Cần order thêm",L16-I16,"") | Q16: =$N16*$Q$10 -> #VALUE! | R16: =$N16*$R$10 -> #VALUE! | S16: =$N16*$S$10 -> #VALUE! | T16: =$N16*$T$10 -> #VALUE! | U16: =$N16*$U$10 -> #VALUE! | V16: =$N16*$V$10 -> #VALUE! | W16: =$N16*$W$10 -> #VALUE! | X16: =$N16*$X$10 -> #VALUE! | Y16: =$N16*$Y$10 -> #VALUE! | Z16: =$N16*$Z$10 -> #VALUE! | AA16: =$N16*$AA$10 -> #VALUE! | AB16: =$N16*$AB$10 -> #VALUE! | AC16: =$N16*$AC$10 -> #VALUE! | AD16: =$N16*$AD$10 -> #VALUE! | AE16: =$N16*$AE$10 -> #VALUE! | AF16: =$N16*$AF$10 -> #VALUE! | AG16: =$N16*$AG$10 -> #VALUE! | AH16: =$N16*$AH$10 -> #VALUE! | AI16: =$N16*$AI$10 -> #VALUE! | AJ16: =$N16*$AJ$10 -> #VALUE! | AK16: =$N16*$AK$10 -> #VALUE! | AM16: 300000 | AO16: 450000 | AS16: 350000 | AW16: 300000 | AX16: =SUM(AM16:AW16) -> 1400000
A17: =A16+1 -> 6 | G17: 500000 | J17: =IF(ISERROR(1000000*H17/$E$2),"",1000000*H17/$E$2) -> 0 | K17: =J17*$K$11*$N$9/1000000 -> 0 | L17: =J17*$L$11*$N$9/1000000 -> 0 | M17: =IF(I17<K17,"Cần order thêm",IF(I17>L17,"Quá nhiều hàng tồn","")) | N17: =IF(M17="Cần order thêm",L17-I17,"") | Q17: =$N17*$Q$10 -> #VALUE! | R17: =$N17*$R$10 -> #VALUE! | S17: =$N17*$S$10 -> #VALUE! | T17: =$N17*$T$10 -> #VALUE! | U17: =$N17*$U$10 -> #VALUE! | V17: =$N17*$V$10 -> #VALUE! | W17: =$N17*$W$10 -> #VALUE! | X17: =$N17*$X$10 -> #VALUE! | Y17: =$N17*$Y$10 -> #VALUE! | Z17: =$N17*$Z$10 -> #VALUE! | AA17: =$N17*$AA$10 -> #VALUE! | AB17: =$N17*$AB$10 -> #VALUE! | AC17: =$N17*$AC$10 -> #VALUE! | AD17: =$N17*$AD$10 -> #VALUE! | AE17: =$N17*$AE$10 -> #VALUE! | AF17: =$N17*$AF$10 -> #VALUE! | AG17: =$N17*$AG$10 -> #VALUE! | AH17: =$N17*$AH$10 -> #VALUE! | AI17: =$N17*$AI$10 -> #VALUE! | AJ17: =$N17*$AJ$10 -> #VALUE! | AK17: =$N17*$AK$10 -> #VALUE! | AM17: 20000 | AQ17: 20000 | AU17: 20000 | AX17: =SUM(AM17:AW17) -> 60000
A18: =A17+1 -> 7 | G18: Không yêu cầu | J18: =IF(ISERROR(1000000*H18/$E$2),"",1000000*H18/$E$2) -> 0 | K18: =J18*$K$11*$N$9/1000000 -> 0 | L18: =J18*$L$11*$N$9/1000000 -> 0 | M18: =IF(I18<K18,"Cần order thêm",IF(I18>L18,"Quá nhiều hàng tồn","")) | N18: =IF(M18="Cần order thêm",L18-I18,"") | Q18: =$N18*$Q$10 -> #VALUE! | R18: =$N18*$R$10 -> #VALUE! | S18: =$N18*$S$10 -> #VALUE! | T18: =$N18*$T$10 -> #VALUE! | U18: =$N18*$U$10 -> #VALUE! | V18: =$N18*$V$10 -> #VALUE! | W18: =$N18*$W$10 -> #VALUE! | X18: =$N18*$X$10 -> #VALUE! | Y18: =$N18*$Y$10 -> #VALUE! | Z18: =$N18*$Z$10 -> #VALUE! | AA18: =$N18*$AA$10 -> #VALUE! | AB18: =$N18*$AB$10 -> #VALUE! | AC18: =$N18*$AC$10 -> #VALUE! | AD18: =$N18*$AD$10 -> #VALUE! | AE18: =$N18*$AE$10 -> #VALUE! | AF18: =$N18*$AF$10 -> #VALUE! | AG18: =$N18*$AG$10 -> #VALUE! | AH18: =$N18*$AH$10 -> #VALUE! | AI18: =$N18*$AI$10 -> #VALUE! | AJ18: =$N18*$AJ$10 -> #VALUE! | AK18: =$N18*$AK$10 -> #VALUE! | AM18: 50000 | AO18: 60000 | AS18: 50000 | AW18: 50000 | AX18: =SUM(AM18:AW18) -> 210000
A19: =A18+1 -> 8 | G19: 1000000 | J19: =IF(ISERROR(1000000*H19/$E$2),"",1000000*H19/$E$2) -> 0 | K19: =J19*$K$11*$N$9/1000000 -> 0 | L19: =J19*$L$11*$N$9/1000000 -> 0 | M19: =IF(I19<K19,"Cần order thêm",IF(I19>L19,"Quá nhiều hàng tồn","")) | N19: =IF(M19="Cần order thêm",L19-I19,"") | Q19: =$N19*$Q$10 -> #VALUE! | R19: =$N19*$R$10 -> #VALUE! | S19: =$N19*$S$10 -> #VALUE! | T19: =$N19*$T$10 -> #VALUE! | U19: =$N19*$U$10 -> #VALUE! | V19: =$N19*$V$10 -> #VALUE! | W19: =$N19*$W$10 -> #VALUE! | X19: =$N19*$X$10 -> #VALUE! | Y19: =$N19*$Y$10 -> #VALUE! | Z19: =$N19*$Z$10 -> #VALUE! | AA19: =$N19*$AA$10 -> #VALUE! | AB19: =$N19*$AB$10 -> #VALUE! | AC19: =$N19*$AC$10 -> #VALUE! | AD19: =$N19*$AD$10 -> #VALUE! | AE19: =$N19*$AE$10 -> #VALUE! | AF19: =$N19*$AF$10 -> #VALUE! | AG19: =$N19*$AG$10 -> #VALUE! | AH19: =$N19*$AH$10 -> #VALUE! | AI19: =$N19*$AI$10 -> #VALUE! | AJ19: =$N19*$AJ$10 -> #VALUE! | AK19: =$N19*$AK$10 -> #VALUE! | AM19: 12000 | AQ19: 12000 | AU19: 12000 | AX19: =SUM(AM19:AW19) -> 36000
A20: =A19+1 -> 9 | G20: 1000000 | J20: =IF(ISERROR(1000000*H20/$E$2),"",1000000*H20/$E$2) -> 0 | K20: =J20*$K$11*$N$9/1000000 -> 0 | L20: =J20*$L$11*$N$9/1000000 -> 0 | M20: =IF(I20<K20,"Cần order thêm",IF(I20>L20,"Quá nhiều hàng tồn","")) | N20: =IF(M20="Cần order thêm",L20-I20,"") | Q20: =$N20*$Q$10 -> #VALUE! | R20: =$N20*$R$10 -> #VALUE! | S20: =$N20*$S$10 -> #VALUE! | T20: =$N20*$T$10 -> #VALUE! | U20: =$N20*$U$10 -> #VALUE! | V20: =$N20*$V$10 -> #VALUE! | W20: =$N20*$W$10 -> #VALUE! | X20: =$N20*$X$10 -> #VALUE! | Y20: =$N20*$Y$10 -> #VALUE! | Z20: =$N20*$Z$10 -> #VALUE! | AA20: =$N20*$AA$10 -> #VALUE! | AB20: =$N20*$AB$10 -> #VALUE! | AC20: =$N20*$AC$10 -> #VALUE! | AD20: =$N20*$AD$10 -> #VALUE! | AE20: =$N20*$AE$10 -> #VALUE! | AF20: =$N20*$AF$10 -> #VALUE! | AG20: =$N20*$AG$10 -> #VALUE! | AH20: =$N20*$AH$10 -> #VALUE! | AI20: =$N20*$AI$10 -> #VALUE! | AJ20: =$N20*$AJ$10 -> #VALUE! | AK20: =$N20*$AK$10 -> #VALUE! | AM20: 70000 | AQ20: 70000 | AU20: 70000 | AX20: =SUM(AM20:AW20) -> 210000
A21: =A20+1 -> 10 | G21: Không yêu cầu | J21: =IF(ISERROR(1000000*H21/$E$2),"",1000000*H21/$E$2) -> 0 | K21: =J21*$K$11*$N$9/1000000 -> 0 | L21: =J21*$L$11*$N$9/1000000 -> 0 | M21: =IF(I21<K21,"Cần order thêm",IF(I21>L21,"Quá nhiều hàng tồn","")) | N21: =IF(M21="Cần order thêm",L21-I21,"") | Q21: =$N21*$Q$10 -> #VALUE! | R21: =$N21*$R$10 -> #VALUE! | S21: =$N21*$S$10 -> #VALUE! | T21: =$N21*$T$10 -> #VALUE! | U21: =$N21*$U$10 -> #VALUE! | V21: =$N21*$V$10 -> #VALUE! | W21: =$N21*$W$10 -> #VALUE! | X21: =$N21*$X$10 -> #VALUE! | Y21: =$N21*$Y$10 -> #VALUE! | Z21: =$N21*$Z$10 -> #VALUE! | AA21: =$N21*$AA$10 -> #VALUE! | AB21: =$N21*$AB$10 -> #VALUE! | AC21: =$N21*$AC$10 -> #VALUE! | AD21: =$N21*$AD$10 -> #VALUE! | AE21: =$N21*$AE$10 -> #VALUE! | AF21: =$N21*$AF$10 -> #VALUE! | AG21: =$N21*$AG$10 -> #VALUE! | AH21: =$N21*$AH$10 -> #VALUE! | AI21: =$N21*$AI$10 -> #VALUE! | AJ21: =$N21*$AJ$10 -> #VALUE! | AK21: =$N21*$AK$10 -> #VALUE! | AM21: 10000 | AO21: 10000 | AS21: 10000 | AW21: 10000 | AX21: =SUM(AM21:AW21) -> 40000
A22: =A21+1 -> 11 | G22: 1000000 | J22: =IF(ISERROR(1000000*H22/$E$2),"",1000000*H22/$E$2) -> 0 | K22: =J22*$K$11*$N$9/1000000 -> 0 | L22: =J22*$L$11*$N$9/1000000 -> 0 | M22: =IF(I22<K22,"Cần order thêm",IF(I22>L22,"Quá nhiều hàng tồn","")) | N22: =IF(M22="Cần order thêm",L22-I22,"") | Q22: =$N22*$Q$10 -> #VALUE! | R22: =$N22*$R$10 -> #VALUE! | S22: =$N22*$S$10 -> #VALUE! | T22: =$N22*$T$10 -> #VALUE! | U22: =$N22*$U$10 -> #VALUE! | V22: =$N22*$V$10 -> #VALUE! | W22: =$N22*$W$10 -> #VALUE! | X22: =$N22*$X$10 -> #VALUE! | Y22: =$N22*$Y$10 -> #VALUE! | Z22: =$N22*$Z$10 -> #VALUE! | AA22: =$N22*$AA$10 -> #VALUE! | AB22: =$N22*$AB$10 -> #VALUE! | AC22: =$N22*$AC$10 -> #VALUE! | AD22: =$N22*$AD$10 -> #VALUE! | AE22: =$N22*$AE$10 -> #VALUE! | AF22: =$N22*$AF$10 -> #VALUE! | AG22: =$N22*$AG$10 -> #VALUE! | AH22: =$N22*$AH$10 -> #VALUE! | AI22: =$N22*$AI$10 -> #VALUE! | AJ22: =$N22*$AJ$10 -> #VALUE! | AK22: =$N22*$AK$10 -> #VALUE! | AM22: 9000 | AU22: 6000 | AX22: =SUM(AM22:AW22) -> 15000
A23: =A22+1 -> 12 | G23: Không yêu cầu | J23: =IF(ISERROR(1000000*H23/$E$2),"",1000000*H23/$E$2) -> 0 | K23: =J23*$K$11*$N$9/1000000 -> 0 | L23: =J23*$L$11*$N$9/1000000 -> 0 | M23: =IF(I23<K23,"Cần order thêm",IF(I23>L23,"Quá nhiều hàng tồn","")) | N23: =IF(M23="Cần order thêm",L23-I23,"") | Q23: =$N23*$Q$10 -> #VALUE! | R23: =$N23*$R$10 -> #VALUE! | S23: =$N23*$S$10 -> #VALUE! | T23: =$N23*$T$10 -> #VALUE! | U23: =$N23*$U$10 -> #VALUE! | V23: =$N23*$V$10 -> #VALUE! | W23: =$N23*$W$10 -> #VALUE! | X23: =$N23*$X$10 -> #VALUE! | Y23: =$N23*$Y$10 -> #VALUE! | Z23: =$N23*$Z$10 -> #VALUE! | AA23: =$N23*$AA$10 -> #VALUE! | AB23: =$N23*$AB$10 -> #VALUE! | AC23: =$N23*$AC$10 -> #VALUE! | AD23: =$N23*$AD$10 -> #VALUE! | AE23: =$N23*$AE$10 -> #VALUE! | AF23: =$N23*$AF$10 -> #VALUE! | AG23: =$N23*$AG$10 -> #VALUE! | AH23: =$N23*$AH$10 -> #VALUE! | AI23: =$N23*$AI$10 -> #VALUE! | AJ23: =$N23*$AJ$10 -> #VALUE! | AK23: =$N23*$AK$10 -> #VALUE! | AM23: 230 | AU23: 150 | AX23: =SUM(AM23:AW23) -> 380
A24: =A23+1 -> 13 | G24: Không yêu cầu | J24: =IF(ISERROR(1000000*H24/$E$2),"",1000000*H24/$E$2) -> 0 | K24: =J24*$K$11*$N$9/1000000 -> 0 | L24: =J24*$L$11*$N$9/1000000 -> 0 | M24: =IF(I24<K24,"Cần order thêm",IF(I24>L24,"Quá nhiều hàng tồn","")) | N24: =IF(M24="Cần order thêm",L24-I24,"") | Q24: =$N24*$Q$10 -> #VALUE! | R24: =$N24*$R$10 -> #VALUE! | S24: =$N24*$S$10 -> #VALUE! | T24: =$N24*$T$10 -> #VALUE! | U24: =$N24*$U$10 -> #VALUE! | V24: =$N24*$V$10 -> #VALUE! | W24: =$N24*$W$10 -> #VALUE! | X24: =$N24*$X$10 -> #VALUE! | Y24: =$N24*$Y$10 -> #VALUE! | Z24: =$N24*$Z$10 -> #VALUE! | AA24: =$N24*$AA$10 -> #VALUE! | AB24: =$N24*$AB$10 -> #VALUE! | AC24: =$N24*$AC$10 -> #VALUE! | AD24: =$N24*$AD$10 -> #VALUE! | AE24: =$N24*$AE$10 -> #VALUE! | AF24: =$N24*$AF$10 -> #VALUE! | AG24: =$N24*$AG$10 -> #VALUE! | AH24: =$N24*$AH$10 -> #VALUE! | AI24: =$N24*$AI$10 -> #VALUE! | AJ24: =$N24*$AJ$10 -> #VALUE! | AK24: =$N24*$AK$10 -> #VALUE!
A25: =A24+1 -> 14 | G25: 30kg | J25: =IF(ISERROR(1000000*H25/$E$2),"",1000000*H25/$E$2) -> 0 | K25: =J25*$K$11*$N$9/1000000 -> 0 | L25: =J25*$L$11*$N$9/1000000 -> 0 | M25: =IF(I25<K25,"Cần order thêm",IF(I25>L25,"Quá nhiều hàng tồn","")) | N25: =IF(M25="Cần order thêm",L25-I25,"") | Q25: =$N25*$Q$10 -> #VALUE! | R25: =$N25*$R$10 -> #VALUE! | S25: =$N25*$S$10 -> #VALUE! | T25: =$N25*$T$10 -> #VALUE! | U25: =$N25*$U$10 -> #VALUE! | V25: =$N25*$V$10 -> #VALUE! | W25: =$N25*$W$10 -> #VALUE! | X25: =$N25*$X$10 -> #VALUE! | Y25: =$N25*$Y$10 -> #VALUE! | Z25: =$N25*$Z$10 -> #VALUE! | AA25: =$N25*$AA$10 -> #VALUE! | AB25: =$N25*$AB$10 -> #VALUE! | AC25: =$N25*$AC$10 -> #VALUE! | AD25: =$N25*$AD$10 -> #VALUE! | AE25: =$N25*$AE$10 -> #VALUE! | AF25: =$N25*$AF$10 -> #VALUE! | AG25: =$N25*$AG$10 -> #VALUE! | AH25: =$N25*$AH$10 -> #VALUE! | AI25: =$N25*$AI$10 -> #VALUE! | AJ25: =$N25*$AJ$10 -> #VALUE! | AK25: =$N25*$AK$10 -> #VALUE!
A26: =A25+1 -> 15 | G26: Không yêu cầu | J26: =IF(ISERROR(1000000*H26/$E$2),"",1000000*H26/$E$2) -> 0 | K26: =J26*$K$11*$N$9/1000000 -> 0 | L26: =J26*$L$11*$N$9/1000000 -> 0 | M26: =IF(I26<K26,"Cần order thêm",IF(I26>L26,"Quá nhiều hàng tồn","")) | N26: =IF(M26="Cần order thêm",L26-I26,"") | Q26: =$N26*$Q$10 -> #VALUE! | R26: =$N26*$R$10 -> #VALUE! | S26: =$N26*$S$10 -> #VALUE! | T26: =$N26*$T$10 -> #VALUE! | U26: =$N26*$U$10 -> #VALUE! | V26: =$N26*$V$10 -> #VALUE! | W26: =$N26*$W$10 -> #VALUE! | X26: =$N26*$X$10 -> #VALUE! | Y26: =$N26*$Y$10 -> #VALUE! | Z26: =$N26*$Z$10 -> #VALUE! | AA26: =$N26*$AA$10 -> #VALUE! | AB26: =$N26*$AB$10 -> #VALUE! | AC26: =$N26*$AC$10 -> #VALUE! | AD26: =$N26*$AD$10 -> #VALUE! | AE26: =$N26*$AE$10 -> #VALUE! | AF26: =$N26*$AF$10 -> #VALUE! | AG26: =$N26*$AG$10 -> #VALUE! | AH26: =$N26*$AH$10 -> #VALUE! | AI26: =$N26*$AI$10 -> #VALUE! | AJ26: =$N26*$AJ$10 -> #VALUE! | AK26: =$N26*$AK$10 -> #VALUE! | AM26: 312 | AU26: 192 | AX26: =SUM(AM26:AW26) -> 504
A27: =A26+1 -> 16 | G27: 24kg | J27: =IF(ISERROR(1000000*H27/$E$2),"",1000000*H27/$E$2) -> 0 | K27: =J27*$K$11*$N$9/1000000 -> 0 | L27: =J27*$L$11*$N$9/1000000 -> 0 | M27: =IF(I27<K27,"Cần order thêm",IF(I27>L27,"Quá nhiều hàng tồn","")) | N27: =IF(M27="Cần order thêm",L27-I27,"") | Q27: =$N27*$Q$10 -> #VALUE! | R27: =$N27*$R$10 -> #VALUE! | S27: =$N27*$S$10 -> #VALUE! | T27: =$N27*$T$10 -> #VALUE! | U27: =$N27*$U$10 -> #VALUE! | V27: =$N27*$V$10 -> #VALUE! | W27: =$N27*$W$10 -> #VALUE! | X27: =$N27*$X$10 -> #VALUE! | Y27: =$N27*$Y$10 -> #VALUE! | Z27: =$N27*$Z$10 -> #VALUE! | AA27: =$N27*$AA$10 -> #VALUE! | AB27: =$N27*$AB$10 -> #VALUE! | AC27: =$N27*$AC$10 -> #VALUE! | AD27: =$N27*$AD$10 -> #VALUE! | AE27: =$N27*$AE$10 -> #VALUE! | AF27: =$N27*$AF$10 -> #VALUE! | AG27: =$N27*$AG$10 -> #VALUE! | AH27: =$N27*$AH$10 -> #VALUE! | AI27: =$N27*$AI$10 -> #VALUE! | AJ27: =$N27*$AJ$10 -> #VALUE! | AK27: =$N27*$AK$10 -> #VALUE! | AM27: 60000 | AQ27: =4*12000 -> 48000 | AU27: 60000 | AX27: =SUM(AM27:AW27) -> 168000
A28: =A27+1 -> 17 | G28: 2 box | J28: =IF(ISERROR(1000000*H28/$E$2),"",1000000*H28/$E$2) -> 0 | K28: =J28*$K$11*$N$9/1000000 -> 0 | L28: =J28*$L$11*$N$9/1000000 -> 0 | M28: =IF(I28<K28,"Cần order thêm",IF(I28>L28,"Quá nhiều hàng tồn","")) | N28: =IF(M28="Cần order thêm",L28-I28,"") | Q28: =$N28*$Q$10 -> #VALUE! | R28: =$N28*$R$10 -> #VALUE! | S28: =$N28*$S$10 -> #VALUE! | T28: =$N28*$T$10 -> #VALUE! | U28: =$N28*$U$10 -> #VALUE! | V28: =$N28*$V$10 -> #VALUE! | W28: =$N28*$W$10 -> #VALUE! | X28: =$N28*$X$10 -> #VALUE! | Y28: =$N28*$Y$10 -> #VALUE! | Z28: =$N28*$Z$10 -> #VALUE! | AA28: =$N28*$AA$10 -> #VALUE! | AB28: =$N28*$AB$10 -> #VALUE! | AC28: =$N28*$AC$10 -> #VALUE! | AD28: =$N28*$AD$10 -> #VALUE! | AE28: =$N28*$AE$10 -> #VALUE! | AF28: =$N28*$AF$10 -> #VALUE! | AG28: =$N28*$AG$10 -> #VALUE! | AH28: =$N28*$AH$10 -> #VALUE! | AI28: =$N28*$AI$10 -> #VALUE! | AJ28: =$N28*$AJ$10 -> #VALUE! | AK28: =$N28*$AK$10 -> #VALUE!
A29: =A28+1 -> 18 | G29: 2 box | J29: =IF(ISERROR(1000000*H29/$E$2),"",1000000*H29/$E$2) -> 0 | K29: =J29*$K$11*$N$9/1000000 -> 0 | L29: =J29*$L$11*$N$9/1000000 -> 0 | M29: =IF(I29<K29,"Cần order thêm",IF(I29>L29,"Quá nhiều hàng tồn","")) | N29: =IF(M29="Cần order thêm",L29-I29,"") | Q29: =$N29*$Q$10 -> #VALUE! | R29: =$N29*$R$10 -> #VALUE! | S29: =$N29*$S$10 -> #VALUE! | T29: =$N29*$T$10 -> #VALUE! | U29: =$N29*$U$10 -> #VALUE! | V29: =$N29*$V$10 -> #VALUE! | W29: =$N29*$W$10 -> #VALUE! | X29: =$N29*$X$10 -> #VALUE! | Y29: =$N29*$Y$10 -> #VALUE! | Z29: =$N29*$Z$10 -> #VALUE! | AA29: =$N29*$AA$10 -> #VALUE! | AB29: =$N29*$AB$10 -> #VALUE! | AC29: =$N29*$AC$10 -> #VALUE! | AD29: =$N29*$AD$10 -> #VALUE! | AE29: =$N29*$AE$10 -> #VALUE! | AF29: =$N29*$AF$10 -> #VALUE! | AG29: =$N29*$AG$10 -> #VALUE! | AH29: =$N29*$AH$10 -> #VALUE! | AI29: =$N29*$AI$10 -> #VALUE! | AJ29: =$N29*$AJ$10 -> #VALUE! | AK29: =$N29*$AK$10 -> #VALUE!
A30: =A29+1 -> 19 | G30: 2 box | J30: =IF(ISERROR(1000000*H30/$E$2),"",1000000*H30/$E$2) -> 0 | K30: =J30*$K$11*$N$9/1000000 -> 0 | L30: =J30*$L$11*$N$9/1000000 -> 0 | M30: =IF(I30<K30,"Cần order thêm",IF(I30>L30,"Quá nhiều hàng tồn","")) | N30: =IF(M30="Cần order thêm",L30-I30,"") | Q30: =$N30*$Q$10 -> #VALUE! | R30: =$N30*$R$10 -> #VALUE! | S30: =$N30*$S$10 -> #VALUE! | T30: =$N30*$T$10 -> #VALUE! | U30: =$N30*$U$10 -> #VALUE! | V30: =$N30*$V$10 -> #VALUE! | W30: =$N30*$W$10 -> #VALUE! | X30: =$N30*$X$10 -> #VALUE! | Y30: =$N30*$Y$10 -> #VALUE! | Z30: =$N30*$Z$10 -> #VALUE! | AA30: =$N30*$AA$10 -> #VALUE! | AB30: =$N30*$AB$10 -> #VALUE! | AC30: =$N30*$AC$10 -> #VALUE! | AD30: =$N30*$AD$10 -> #VALUE! | AE30: =$N30*$AE$10 -> #VALUE! | AF30: =$N30*$AF$10 -> #VALUE! | AG30: =$N30*$AG$10 -> #VALUE! | AH30: =$N30*$AH$10 -> #VALUE! | AI30: =$N30*$AI$10 -> #VALUE! | AJ30: =$N30*$AJ$10 -> #VALUE! | AK30: =$N30*$AK$10 -> #VALUE!
A31: =A30+1 -> 20 | G31: Không yêu cầu | J31: =IF(ISERROR(1000000*H31/$E$2),"",1000000*H31/$E$2) -> 0 | K31: =J31*$K$11*$N$9/1000000 -> 0 | L31: =J31*$L$11*$N$9/1000000 -> 0 | M31: =IF(I31<K31,"Cần order thêm",IF(I31>L31,"Quá nhiều hàng tồn","")) | N31: =IF(M31="Cần order thêm",L31-I31,"") | Q31: =$N31*$Q$10 -> #VALUE! | R31: =$N31*$R$10 -> #VALUE! | S31: =$N31*$S$10 -> #VALUE! | T31: =$N31*$T$10 -> #VALUE! | U31: =$N31*$U$10 -> #VALUE! | V31: =$N31*$V$10 -> #VALUE! | W31: =$N31*$W$10 -> #VALUE! | X31: =$N31*$X$10 -> #VALUE! | Y31: =$N31*$Y$10 -> #VALUE! | Z31: =$N31*$Z$10 -> #VALUE! | AA31: =$N31*$AA$10 -> #VALUE! | AB31: =$N31*$AB$10 -> #VALUE! | AC31: =$N31*$AC$10 -> #VALUE! | AD31: =$N31*$AD$10 -> #VALUE! | AE31: =$N31*$AE$10 -> #VALUE! | AF31: =$N31*$AF$10 -> #VALUE! | AG31: =$N31*$AG$10 -> #VALUE! | AH31: =$N31*$AH$10 -> #VALUE! | AI31: =$N31*$AI$10 -> #VALUE! | AJ31: =$N31*$AJ$10 -> #VALUE! | AK31: =$N31*$AK$10 -> #VALUE! | AM31: 20000 | AQ31: 15000 | AU31: 15000 | AX31: =SUM(AM31:AW31) -> 50000
A32: =A31+1 -> 21 | G32: Không yêu cầu | J32: =IF(ISERROR(1000000*H32/$E$2),"",1000000*H32/$E$2) -> 0 | K32: =J32*$K$11*$N$9/1000000 -> 0 | L32: =J32*$L$11*$N$9/1000000 -> 0 | M32: =IF(I32<K32,"Cần order thêm",IF(I32>L32,"Quá nhiều hàng tồn","")) | N32: =IF(M32="Cần order thêm",L32-I32,"") | Q32: =$N32*$Q$10 -> #VALUE! | R32: =$N32*$R$10 -> #VALUE! | S32: =$N32*$S$10 -> #VALUE! | T32: =$N32*$T$10 -> #VALUE! | U32: =$N32*$U$10 -> #VALUE! | V32: =$N32*$V$10 -> #VALUE! | W32: =$N32*$W$10 -> #VALUE! | X32: =$N32*$X$10 -> #VALUE! | Y32: =$N32*$Y$10 -> #VALUE! | Z32: =$N32*$Z$10 -> #VALUE! | AA32: =$N32*$AA$10 -> #VALUE! | AB32: =$N32*$AB$10 -> #VALUE! | AC32: =$N32*$AC$10 -> #VALUE! | AD32: =$N32*$AD$10 -> #VALUE! | AE32: =$N32*$AE$10 -> #VALUE! | AF32: =$N32*$AF$10 -> #VALUE! | AG32: =$N32*$AG$10 -> #VALUE! | AH32: =$N32*$AH$10 -> #VALUE! | AI32: =$N32*$AI$10 -> #VALUE! | AJ32: =$N32*$AJ$10 -> #VALUE! | AK32: =$N32*$AK$10 -> #VALUE! | AM32: 30000 | AQ32: 30000 | AU32: 30000 | AX32: =SUM(AM32:AW32) -> 90000
A33: =A32+1 -> 22 | G33: 250000 | J33: =IF(ISERROR(1000000*H33/$E$2),"",1000000*H33/$E$2) -> 0 | K33: =J33*$K$11*$N$9/1000000 -> 0 | L33: =J33*$L$11*$N$9/1000000 -> 0 | M33: =IF(I33<K33,"Cần order thêm",IF(I33>L33,"Quá nhiều hàng tồn","")) | N33: =IF(M33="Cần order thêm",L33-I33,"") | Q33: =$N33*$Q$10 -> #VALUE! | R33: =$N33*$R$10 -> #VALUE! | S33: =$N33*$S$10 -> #VALUE! | T33: =$N33*$T$10 -> #VALUE! | U33: =$N33*$U$10 -> #VALUE! | V33: =$N33*$V$10 -> #VALUE! | W33: =$N33*$W$10 -> #VALUE! | X33: =$N33*$X$10 -> #VALUE! | Y33: =$N33*$Y$10 -> #VALUE! | Z33: =$N33*$Z$10 -> #VALUE! | AA33: =$N33*$AA$10 -> #VALUE! | AB33: =$N33*$AB$10 -> #VALUE! | AC33: =$N33*$AC$10 -> #VALUE! | AD33: =$N33*$AD$10 -> #VALUE! | AE33: =$N33*$AE$10 -> #VALUE! | AF33: =$N33*$AF$10 -> #VALUE! | AG33: =$N33*$AG$10 -> #VALUE! | AH33: =$N33*$AH$10 -> #VALUE! | AI33: =$N33*$AI$10 -> #VALUE! | AJ33: =$N33*$AJ$10 -> #VALUE! | AK33: =$N33*$AK$10 -> #VALUE! | AM33: 100 | AU33: 60 | AX33: =SUM(AM33:AW33) -> 160
A34: =A33+1 -> 23 | G34: 500000 | J34: =IF(ISERROR(1000000*H34/$E$2),"",1000000*H34/$E$2) -> 0 | K34: =J34*$K$11*$N$9/1000000 -> 0 | L34: =J34*$L$11*$N$9/1000000 -> 0 | M34: =IF(I34<K34,"Cần order thêm",IF(I34>L34,"Quá nhiều hàng tồn","")) | N34: =IF(M34="Cần order thêm",L34-I34,"") | Q34: =$N34*$Q$10 -> #VALUE! | R34: =$N34*$R$10 -> #VALUE! | S34: =$N34*$S$10 -> #VALUE! | T34: =$N34*$T$10 -> #VALUE! | U34: =$N34*$U$10 -> #VALUE! | V34: =$N34*$V$10 -> #VALUE! | W34: =$N34*$W$10 -> #VALUE! | X34: =$N34*$X$10 -> #VALUE! | Y34: =$N34*$Y$10 -> #VALUE! | Z34: =$N34*$Z$10 -> #VALUE! | AA34: =$N34*$AA$10 -> #VALUE! | AB34: =$N34*$AB$10 -> #VALUE! | AC34: =$N34*$AC$10 -> #VALUE! | AD34: =$N34*$AD$10 -> #VALUE! | AE34: =$N34*$AE$10 -> #VALUE! | AF34: =$N34*$AF$10 -> #VALUE! | AG34: =$N34*$AG$10 -> #VALUE! | AH34: =$N34*$AH$10 -> #VALUE! | AI34: =$N34*$AI$10 -> #VALUE! | AJ34: =$N34*$AJ$10 -> #VALUE! | AK34: =$N34*$AK$10 -> #VALUE!
A35: =A34+1 -> 24 | G35: 10 kg | J35: =IF(ISERROR(1000000*H35/$E$2),"",1000000*H35/$E$2) -> 0 | K35: =J35*$K$11*$N$9/1000000 -> 0 | L35: =J35*$L$11*$N$9/1000000 -> 0 | M35: =IF(I35<K35,"Cần order thêm",IF(I35>L35,"Quá nhiều hàng tồn","")) | N35: =IF(M35="Cần order thêm",L35-I35,"") | Q35: =$N35*$Q$10 -> #VALUE! | R35: =$N35*$R$10 -> #VALUE! | S35: =$N35*$S$10 -> #VALUE! | T35: =$N35*$T$10 -> #VALUE! | U35: =$N35*$U$10 -> #VALUE! | V35: =$N35*$V$10 -> #VALUE! | W35: =$N35*$W$10 -> #VALUE! | X35: =$N35*$X$10 -> #VALUE! | Y35: =$N35*$Y$10 -> #VALUE! | Z35: =$N35*$Z$10 -> #VALUE! | AA35: =$N35*$AA$10 -> #VALUE! | AB35: =$N35*$AB$10 -> #VALUE! | AC35: =$N35*$AC$10 -> #VALUE! | AD35: =$N35*$AD$10 -> #VALUE! | AE35: =$N35*$AE$10 -> #VALUE! | AF35: =$N35*$AF$10 -> #VALUE! | AG35: =$N35*$AG$10 -> #VALUE! | AH35: =$N35*$AH$10 -> #VALUE! | AI35: =$N35*$AI$10 -> #VALUE! | AJ35: =$N35*$AJ$10 -> #VALUE! | AK35: =$N35*$AK$10 -> #VALUE!
A36: =A35+1 -> 25 | G36: 500000 | J36: =IF(ISERROR(1000000*H36/$E$2),"",1000000*H36/$E$2) -> 0 | K36: =J36*$K$11*$N$9/1000000 -> 0 | L36: =J36*$L$11*$N$9/1000000 -> 0 | M36: =IF(I36<K36,"Cần order thêm",IF(I36>L36,"Quá nhiều hàng tồn","")) | N36: =IF(M36="Cần order thêm",L36-I36,"") | Q36: =$N36*$Q$10 -> #VALUE! | R36: =$N36*$R$10 -> #VALUE! | S36: =$N36*$S$10 -> #VALUE! | T36: =$N36*$T$10 -> #VALUE! | U36: =$N36*$U$10 -> #VALUE! | V36: =$N36*$V$10 -> #VALUE! | W36: =$N36*$W$10 -> #VALUE! | X36: =$N36*$X$10 -> #VALUE! | Y36: =$N36*$Y$10 -> #VALUE! | Z36: =$N36*$Z$10 -> #VALUE! | AA36: =$N36*$AA$10 -> #VALUE! | AB36: =$N36*$AB$10 -> #VALUE! | AC36: =$N36*$AC$10 -> #VALUE! | AD36: =$N36*$AD$10 -> #VALUE! | AE36: =$N36*$AE$10 -> #VALUE! | AF36: =$N36*$AF$10 -> #VALUE! | AG36: =$N36*$AG$10 -> #VALUE! | AH36: =$N36*$AH$10 -> #VALUE! | AI36: =$N36*$AI$10 -> #VALUE! | AJ36: =$N36*$AJ$10 -> #VALUE! | AK36: =$N36*$AK$10 -> #VALUE!
A37: =A36+1 -> 26 | G37: 500000 | J37: =IF(ISERROR(1000000*H37/$E$2),"",1000000*H37/$E$2) -> 0 | K37: =J37*$K$11*$N$9/1000000 -> 0 | L37: =J37*$L$11*$N$9/1000000 -> 0 | M37: =IF(I37<K37,"Cần order thêm",IF(I37>L37,"Quá nhiều hàng tồn","")) | N37: =IF(M37="Cần order thêm",L37-I37,"") | Q37: =$N37*$Q$10 -> #VALUE! | R37: =$N37*$R$10 -> #VALUE! | S37: =$N37*$S$10 -> #VALUE! | T37: =$N37*$T$10 -> #VALUE! | U37: =$N37*$U$10 -> #VALUE! | V37: =$N37*$V$10 -> #VALUE! | W37: =$N37*$W$10 -> #VALUE! | X37: =$N37*$X$10 -> #VALUE! | Y37: =$N37*$Y$10 -> #VALUE! | Z37: =$N37*$Z$10 -> #VALUE! | AA37: =$N37*$AA$10 -> #VALUE! | AB37: =$N37*$AB$10 -> #VALUE! | AC37: =$N37*$AC$10 -> #VALUE! | AD37: =$N37*$AD$10 -> #VALUE! | AE37: =$N37*$AE$10 -> #VALUE! | AF37: =$N37*$AF$10 -> #VALUE! | AG37: =$N37*$AG$10 -> #VALUE! | AH37: =$N37*$AH$10 -> #VALUE! | AI37: =$N37*$AI$10 -> #VALUE! | AJ37: =$N37*$AJ$10 -> #VALUE! | AK37: =$N37*$AK$10 -> #VALUE!
A38: =A37+1 -> 27 | G38: 500000 | J38: =IF(ISERROR(1000000*H38/$E$2),"",1000000*H38/$E$2) -> 0 | K38: =J38*$K$11*$N$9/1000000 -> 0 | L38: =J38*$L$11*$N$9/1000000 -> 0 | M38: =IF(I38<K38,"Cần order thêm",IF(I38>L38,"Quá nhiều hàng tồn","")) | N38: =IF(M38="Cần order thêm",L38-I38,"") | Q38: =$N38*$Q$10 -> #VALUE! | R38: =$N38*$R$10 -> #VALUE! | S38: =$N38*$S$10 -> #VALUE! | T38: =$N38*$T$10 -> #VALUE! | U38: =$N38*$U$10 -> #VALUE! | V38: =$N38*$V$10 -> #VALUE! | W38: =$N38*$W$10 -> #VALUE! | X38: =$N38*$X$10 -> #VALUE! | Y38: =$N38*$Y$10 -> #VALUE! | Z38: =$N38*$Z$10 -> #VALUE! | AA38: =$N38*$AA$10 -> #VALUE! | AB38: =$N38*$AB$10 -> #VALUE! | AC38: =$N38*$AC$10 -> #VALUE! | AD38: =$N38*$AD$10 -> #VALUE! | AE38: =$N38*$AE$10 -> #VALUE! | AF38: =$N38*$AF$10 -> #VALUE! | AG38: =$N38*$AG$10 -> #VALUE! | AH38: =$N38*$AH$10 -> #VALUE! | AI38: =$N38*$AI$10 -> #VALUE! | AJ38: =$N38*$AJ$10 -> #VALUE! | AK38: =$N38*$AK$10 -> #VALUE!
A39: =A38+1 -> 28 | G39: 500000 | J39: =IF(ISERROR(1000000*H39/$E$2),"",1000000*H39/$E$2) -> 0 | K39: =J39*$K$11*$N$9/1000000 -> 0 | L39: =J39*$L$11*$N$9/1000000 -> 0 | M39: =IF(I39<K39,"Cần order thêm",IF(I39>L39,"Quá nhiều hàng tồn","")) | N39: =IF(M39="Cần order thêm",L39-I39,"") | Q39: =$N39*$Q$10 -> #VALUE! | R39: =$N39*$R$10 -> #VALUE! | S39: =$N39*$S$10 -> #VALUE! | T39: =$N39*$T$10 -> #VALUE! | U39: =$N39*$U$10 -> #VALUE! | V39: =$N39*$V$10 -> #VALUE! | W39: =$N39*$W$10 -> #VALUE! | X39: =$N39*$X$10 -> #VALUE! | Y39: =$N39*$Y$10 -> #VALUE! | Z39: =$N39*$Z$10 -> #VALUE! | AA39: =$N39*$AA$10 -> #VALUE! | AB39: =$N39*$AB$10 -> #VALUE! | AC39: =$N39*$AC$10 -> #VALUE! | AD39: =$N39*$AD$10 -> #VALUE! | AE39: =$N39*$AE$10 -> #VALUE! | AF39: =$N39*$AF$10 -> #VALUE! | AG39: =$N39*$AG$10 -> #VALUE! | AH39: =$N39*$AH$10 -> #VALUE! | AI39: =$N39*$AI$10 -> #VALUE! | AJ39: =$N39*$AJ$10 -> #VALUE! | AK39: =$N39*$AK$10 -> #VALUE!
A40: =A39+1 -> 29 | G40: 500000 | J40: =IF(ISERROR(1000000*H40/$E$2),"",1000000*H40/$E$2) -> 0 | K40: =J40*$K$11*$N$9/1000000 -> 0 | L40: =J40*$L$11*$N$9/1000000 -> 0 | M40: =IF(I40<K40,"Cần order thêm",IF(I40>L40,"Quá nhiều hàng tồn","")) | N40: =IF(M40="Cần order thêm",L40-I40,"") | Q40: =$N40*$Q$10 -> #VALUE! | R40: =$N40*$R$10 -> #VALUE! | S40: =$N40*$S$10 -> #VALUE! | T40: =$N40*$T$10 -> #VALUE! | U40: =$N40*$U$10 -> #VALUE! | V40: =$N40*$V$10 -> #VALUE! | W40: =$N40*$W$10 -> #VALUE! | X40: =$N40*$X$10 -> #VALUE! | Y40: =$N40*$Y$10 -> #VALUE! | Z40: =$N40*$Z$10 -> #VALUE! | AA40: =$N40*$AA$10 -> #VALUE! | AB40: =$N40*$AB$10 -> #VALUE! | AC40: =$N40*$AC$10 -> #VALUE! | AD40: =$N40*$AD$10 -> #VALUE! | AE40: =$N40*$AE$10 -> #VALUE! | AF40: =$N40*$AF$10 -> #VALUE! | AG40: =$N40*$AG$10 -> #VALUE! | AH40: =$N40*$AH$10 -> #VALUE! | AI40: =$N40*$AI$10 -> #VALUE! | AJ40: =$N40*$AJ$10 -> #VALUE! | AK40: =$N40*$AK$10 -> #VALUE!
A41: =A40+1 -> 30 | G41: 24 btl | J41: =IF(ISERROR(1000000*H41/$E$2),"",1000000*H41/$E$2) -> 0 | K41: =J41*$K$11*$N$9/1000000 -> 0 | L41: =J41*$L$11*$N$9/1000000 -> 0 | M41: =IF(I41<K41,"Cần order thêm",IF(I41>L41,"Quá nhiều hàng tồn","")) | N41: =IF(M41="Cần order thêm",L41-I41,"") | Q41: =$N41*$Q$10 -> #VALUE! | R41: =$N41*$R$10 -> #VALUE! | S41: =$N41*$S$10 -> #VALUE! | T41: =$N41*$T$10 -> #VALUE! | U41: =$N41*$U$10 -> #VALUE! | V41: =$N41*$V$10 -> #VALUE! | W41: =$N41*$W$10 -> #VALUE! | X41: =$N41*$X$10 -> #VALUE! | Y41: =$N41*$Y$10 -> #VALUE! | Z41: =$N41*$Z$10 -> #VALUE! | AA41: =$N41*$AA$10 -> #VALUE! | AB41: =$N41*$AB$10 -> #VALUE! | AC41: =$N41*$AC$10 -> #VALUE! | AD41: =$N41*$AD$10 -> #VALUE! | AE41: =$N41*$AE$10 -> #VALUE! | AF41: =$N41*$AF$10 -> #VALUE! | AG41: =$N41*$AG$10 -> #VALUE! | AH41: =$N41*$AH$10 -> #VALUE! | AI41: =$N41*$AI$10 -> #VALUE! | AJ41: =$N41*$AJ$10 -> #VALUE! | AK41: =$N41*$AK$10 -> #VALUE!
A42: =A41+1 -> 31 | G42: Không yêu cầu | J42: =IF(ISERROR(1000000*H42/$E$2),"",1000000*H42/$E$2) -> 0 | K42: =J42*$K$11*$N$9/1000000 -> 0 | L42: =J42*$L$11*$N$9/1000000 -> 0 | M42: =IF(I42<K42,"Cần order thêm",IF(I42>L42,"Quá nhiều hàng tồn","")) | N42: =IF(M42="Cần order thêm",L42-I42,"") | Q42: =$N42*$Q$10 -> #VALUE! | R42: =$N42*$R$10 -> #VALUE! | S42: =$N42*$S$10 -> #VALUE! | T42: =$N42*$T$10 -> #VALUE! | U42: =$N42*$U$10 -> #VALUE! | V42: =$N42*$V$10 -> #VALUE! | W42: =$N42*$W$10 -> #VALUE! | X42: =$N42*$X$10 -> #VALUE! | Y42: =$N42*$Y$10 -> #VALUE! | Z42: =$N42*$Z$10 -> #VALUE! | AA42: =$N42*$AA$10 -> #VALUE! | AB42: =$N42*$AB$10 -> #VALUE! | AC42: =$N42*$AC$10 -> #VALUE! | AD42: =$N42*$AD$10 -> #VALUE! | AE42: =$N42*$AE$10 -> #VALUE! | AF42: =$N42*$AF$10 -> #VALUE! | AG42: =$N42*$AG$10 -> #VALUE! | AH42: =$N42*$AH$10 -> #VALUE! | AI42: =$N42*$AI$10 -> #VALUE! | AJ42: =$N42*$AJ$10 -> #VALUE! | AK42: =$N42*$AK$10 -> #VALUE! | AM42: 4000 | AO42: 4000 | AS42: 4000 | AW42: 4000 | AX42: =SUM(AM42:AW42) -> 16000
A43: =A42+1 -> 32 | G43: Không yêu cầu | J43: =IF(ISERROR(1000000*H43/$E$2),"",1000000*H43/$E$2) -> 0 | K43: =J43*$K$11*$N$9/1000000 -> 0 | L43: =J43*$L$11*$N$9/1000000 -> 0 | M43: =IF(I43<K43,"Cần order thêm",IF(I43>L43,"Quá nhiều hàng tồn","")) | N43: =IF(M43="Cần order thêm",L43-I43,"") | Q43: =$N43*$Q$10 -> #VALUE! | R43: =$N43*$R$10 -> #VALUE! | S43: =$N43*$S$10 -> #VALUE! | T43: =$N43*$T$10 -> #VALUE! | U43: =$N43*$U$10 -> #VALUE! | V43: =$N43*$V$10 -> #VALUE! | W43: =$N43*$W$10 -> #VALUE! | X43: =$N43*$X$10 -> #VALUE! | Y43: =$N43*$Y$10 -> #VALUE! | Z43: =$N43*$Z$10 -> #VALUE! | AA43: =$N43*$AA$10 -> #VALUE! | AB43: =$N43*$AB$10 -> #VALUE! | AC43: =$N43*$AC$10 -> #VALUE! | AD43: =$N43*$AD$10 -> #VALUE! | AE43: =$N43*$AE$10 -> #VALUE! | AF43: =$N43*$AF$10 -> #VALUE! | AG43: =$N43*$AG$10 -> #VALUE! | AH43: =$N43*$AH$10 -> #VALUE! | AI43: =$N43*$AI$10 -> #VALUE! | AJ43: =$N43*$AJ$10 -> #VALUE! | AK43: =$N43*$AK$10 -> #VALUE! | AM43: 10000 | AS43: 10000 | AW43: 10000 | AX43: =SUM(AM43:AW43) -> 30000
A44: =A43+1 -> 33 | G44: Không yêu cầu | J44: =IF(ISERROR(1000000*H44/$E$2),"",1000000*H44/$E$2) -> 0 | K44: =J44*$K$11*$N$9/1000000 -> 0 | L44: =J44*$L$11*$N$9/1000000 -> 0 | M44: =IF(I44<K44,"Cần order thêm",IF(I44>L44,"Quá nhiều hàng tồn","")) | N44: =IF(M44="Cần order thêm",L44-I44,"") | Q44: =$N44*$Q$10 -> #VALUE! | R44: =$N44*$R$10 -> #VALUE! | S44: =$N44*$S$10 -> #VALUE! | T44: =$N44*$T$10 -> #VALUE! | U44: =$N44*$U$10 -> #VALUE! | V44: =$N44*$V$10 -> #VALUE! | W44: =$N44*$W$10 -> #VALUE! | X44: =$N44*$X$10 -> #VALUE! | Y44: =$N44*$Y$10 -> #VALUE! | Z44: =$N44*$Z$10 -> #VALUE! | AA44: =$N44*$AA$10 -> #VALUE! | AB44: =$N44*$AB$10 -> #VALUE! | AC44: =$N44*$AC$10 -> #VALUE! | AD44: =$N44*$AD$10 -> #VALUE! | AE44: =$N44*$AE$10 -> #VALUE! | AF44: =$N44*$AF$10 -> #VALUE! | AG44: =$N44*$AG$10 -> #VALUE! | AH44: =$N44*$AH$10 -> #VALUE! | AI44: =$N44*$AI$10 -> #VALUE! | AJ44: =$N44*$AJ$10 -> #VALUE! | AK44: =$N44*$AK$10 -> #VALUE! | AM44: 10000 | AO44: 10000 | AS44: 10000 | AW44: 10000 | AX44: =SUM(AM44:AW44) -> 40000
A45: =A44+1 -> 34 | G45: Không yêu cầu | J45: =IF(ISERROR(1000000*H45/$E$2),"",1000000*H45/$E$2) -> 0 | K45: =J45*$K$11*$N$9/1000000 -> 0 | L45: =J45*$L$11*$N$9/1000000 -> 0 | M45: =IF(I45<K45,"Cần order thêm",IF(I45>L45,"Quá nhiều hàng tồn","")) | N45: =IF(M45="Cần order thêm",L45-I45,"") | Q45: =$N45*$Q$10 -> #VALUE! | R45: =$N45*$R$10 -> #VALUE! | S45: =$N45*$S$10 -> #VALUE! | T45: =$N45*$T$10 -> #VALUE! | U45: =$N45*$U$10 -> #VALUE! | V45: =$N45*$V$10 -> #VALUE! | W45: =$N45*$W$10 -> #VALUE! | X45: =$N45*$X$10 -> #VALUE! | Y45: =$N45*$Y$10 -> #VALUE! | Z45: =$N45*$Z$10 -> #VALUE! | AA45: =$N45*$AA$10 -> #VALUE! | AB45: =$N45*$AB$10 -> #VALUE! | AC45: =$N45*$AC$10 -> #VALUE! | AD45: =$N45*$AD$10 -> #VALUE! | AE45: =$N45*$AE$10 -> #VALUE! | AF45: =$N45*$AF$10 -> #VALUE! | AG45: =$N45*$AG$10 -> #VALUE! | AH45: =$N45*$AH$10 -> #VALUE! | AI45: =$N45*$AI$10 -> #VALUE! | AJ45: =$N45*$AJ$10 -> #VALUE! | AK45: =$N45*$AK$10 -> #VALUE! | AM45: 2000 | AO45: 2000 | AS45: 2000 | AW45: 2000 | AX45: =SUM(AM45:AW45) -> 8000
A46: =A45+1 -> 35 | G46: Không yêu cầu | J46: =IF(ISERROR(1000000*H46/$E$2),"",1000000*H46/$E$2) -> 0 | K46: =J46*$K$11*$N$9/1000000 -> 0 | L46: =J46*$L$11*$N$9/1000000 -> 0 | M46: =IF(I46<K46,"Cần order thêm",IF(I46>L46,"Quá nhiều hàng tồn","")) | N46: =IF(M46="Cần order thêm",L46-I46,"") | Q46: =$N46*$Q$10 -> #VALUE! | R46: =$N46*$R$10 -> #VALUE! | S46: =$N46*$S$10 -> #VALUE! | T46: =$N46*$T$10 -> #VALUE! | U46: =$N46*$U$10 -> #VALUE! | V46: =$N46*$V$10 -> #VALUE! | W46: =$N46*$W$10 -> #VALUE! | X46: =$N46*$X$10 -> #VALUE! | Y46: =$N46*$Y$10 -> #VALUE! | Z46: =$N46*$Z$10 -> #VALUE! | AA46: =$N46*$AA$10 -> #VALUE! | AB46: =$N46*$AB$10 -> #VALUE! | AC46: =$N46*$AC$10 -> #VALUE! | AD46: =$N46*$AD$10 -> #VALUE! | AE46: =$N46*$AE$10 -> #VALUE! | AF46: =$N46*$AF$10 -> #VALUE! | AG46: =$N46*$AG$10 -> #VALUE! | AH46: =$N46*$AH$10 -> #VALUE! | AI46: =$N46*$AI$10 -> #VALUE! | AJ46: =$N46*$AJ$10 -> #VALUE! | AK46: =$N46*$AK$10 -> #VALUE! | AM46: 2000 | AO46: 2000 | AS46: 2000 | AW46: 2000 | AX46: =SUM(AM46:AW46) -> 8000
A47: =A46+1 -> 36 | G47: Không yêu cầu | J47: =IF(ISERROR(1000000*H47/$E$2),"",1000000*H47/$E$2) -> 0 | K47: =J47*$K$11*$N$9/1000000 -> 0 | L47: =J47*$L$11*$N$9/1000000 -> 0 | M47: =IF(I47<K47,"Cần order thêm",IF(I47>L47,"Quá nhiều hàng tồn","")) | N47: =IF(M47="Cần order thêm",L47-I47,"") | Q47: =$N47*$Q$10 -> #VALUE! | R47: =$N47*$R$10 -> #VALUE! | S47: =$N47*$S$10 -> #VALUE! | T47: =$N47*$T$10 -> #VALUE! | U47: =$N47*$U$10 -> #VALUE! | V47: =$N47*$V$10 -> #VALUE! | W47: =$N47*$W$10 -> #VALUE! | X47: =$N47*$X$10 -> #VALUE! | Y47: =$N47*$Y$10 -> #VALUE! | Z47: =$N47*$Z$10 -> #VALUE! | AA47: =$N47*$AA$10 -> #VALUE! | AB47: =$N47*$AB$10 -> #VALUE! | AC47: =$N47*$AC$10 -> #VALUE! | AD47: =$N47*$AD$10 -> #VALUE! | AE47: =$N47*$AE$10 -> #VALUE! | AF47: =$N47*$AF$10 -> #VALUE! | AG47: =$N47*$AG$10 -> #VALUE! | AH47: =$N47*$AH$10 -> #VALUE! | AI47: =$N47*$AI$10 -> #VALUE! | AJ47: =$N47*$AJ$10 -> #VALUE! | AK47: =$N47*$AK$10 -> #VALUE! | AM47: 10000 | AO47: 10000 | AS47: 10000 | AW47: 10000 | AX47: =SUM(AM47:AW47) -> 40000
A48: =A47+1 -> 37 | G48: Không yêu cầu | J48: =IF(ISERROR(1000000*H48/$E$2),"",1000000*H48/$E$2) -> 0 | K48: =J48*$K$11*$N$9/1000000 -> 0 | L48: =J48*$L$11*$N$9/1000000 -> 0 | M48: =IF(I48<K48,"Cần order thêm",IF(I48>L48,"Quá nhiều hàng tồn","")) | N48: =IF(M48="Cần order thêm",L48-I48,"") | Q48: =$N48*$Q$10 -> #VALUE! | R48: =$N48*$R$10 -> #VALUE! | S48: =$N48*$S$10 -> #VALUE! | T48: =$N48*$T$10 -> #VALUE! | U48: =$N48*$U$10 -> #VALUE! | V48: =$N48*$V$10 -> #VALUE! | W48: =$N48*$W$10 -> #VALUE! | X48: =$N48*$X$10 -> #VALUE! | Y48: =$N48*$Y$10 -> #VALUE! | Z48: =$N48*$Z$10 -> #VALUE! | AA48: =$N48*$AA$10 -> #VALUE! | AB48: =$N48*$AB$10 -> #VALUE! | AC48: =$N48*$AC$10 -> #VALUE! | AD48: =$N48*$AD$10 -> #VALUE! | AE48: =$N48*$AE$10 -> #VALUE! | AF48: =$N48*$AF$10 -> #VALUE! | AG48: =$N48*$AG$10 -> #VALUE! | AH48: =$N48*$AH$10 -> #VALUE! | AI48: =$N48*$AI$10 -> #VALUE! | AJ48: =$N48*$AJ$10 -> #VALUE! | AK48: =$N48*$AK$10 -> #VALUE! | AM48: 30000 | AO48: 30000 | AS48: 40000 | AW48: 40000 | AX48: =SUM(AM48:AW48) -> 140000
A49: =A48+1 -> 38 | G49: Không yêu cầu | J49: =IF(ISERROR(1000000*H49/$E$2),"",1000000*H49/$E$2) -> 0 | K49: =J49*$K$11*$N$9/1000000 -> 0 | L49: =J49*$L$11*$N$9/1000000 -> 0 | M49: =IF(I49<K49,"Cần order thêm",IF(I49>L49,"Quá nhiều hàng tồn","")) | N49: =IF(M49="Cần order thêm",L49-I49,"") | Q49: =$N49*$Q$10 -> #VALUE! | R49: =$N49*$R$10 -> #VALUE! | S49: =$N49*$S$10 -> #VALUE! | T49: =$N49*$T$10 -> #VALUE! | U49: =$N49*$U$10 -> #VALUE! | V49: =$N49*$V$10 -> #VALUE! | W49: =$N49*$W$10 -> #VALUE! | X49: =$N49*$X$10 -> #VALUE! | Y49: =$N49*$Y$10 -> #VALUE! | Z49: =$N49*$Z$10 -> #VALUE! | AA49: =$N49*$AA$10 -> #VALUE! | AB49: =$N49*$AB$10 -> #VALUE! | AC49: =$N49*$AC$10 -> #VALUE! | AD49: =$N49*$AD$10 -> #VALUE! | AE49: =$N49*$AE$10 -> #VALUE! | AF49: =$N49*$AF$10 -> #VALUE! | AG49: =$N49*$AG$10 -> #VALUE! | AH49: =$N49*$AH$10 -> #VALUE! | AI49: =$N49*$AI$10 -> #VALUE! | AJ49: =$N49*$AJ$10 -> #VALUE! | AK49: =$N49*$AK$10 -> #VALUE! | AX49: =SUM(AM49:AW49) -> 0
A50: =A49+1 -> 39 | G50: Không yêu cầu | J50: =IF(ISERROR(1000000*H50/$E$2),"",1000000*H50/$E$2) -> 0 | K50: =J50*$K$11*$N$9/1000000 -> 0 | L50: =J50*$L$11*$N$9/1000000 -> 0 | M50: =IF(I50<K50,"Cần order thêm",IF(I50>L50,"Quá nhiều hàng tồn","")) | N50: =IF(M50="Cần order thêm",L50-I50,"") | Q50: =$N50*$Q$10 -> #VALUE! | R50: =$N50*$R$10 -> #VALUE! | S50: =$N50*$S$10 -> #VALUE! | T50: =$N50*$T$10 -> #VALUE! | U50: =$N50*$U$10 -> #VALUE! | V50: =$N50*$V$10 -> #VALUE! | W50: =$N50*$W$10 -> #VALUE! | X50: =$N50*$X$10 -> #VALUE! | Y50: =$N50*$Y$10 -> #VALUE! | Z50: =$N50*$Z$10 -> #VALUE! | AA50: =$N50*$AA$10 -> #VALUE! | AB50: =$N50*$AB$10 -> #VALUE! | AC50: =$N50*$AC$10 -> #VALUE! | AD50: =$N50*$AD$10 -> #VALUE! | AE50: =$N50*$AE$10 -> #VALUE! | AF50: =$N50*$AF$10 -> #VALUE! | AG50: =$N50*$AG$10 -> #VALUE! | AH50: =$N50*$AH$10 -> #VALUE! | AI50: =$N50*$AI$10 -> #VALUE! | AJ50: =$N50*$AJ$10 -> #VALUE! | AK50: =$N50*$AK$10 -> #VALUE! | AM50: 1000 | AO50: 1000 | AS50: 1000 | AW50: 1000 | AX50: =SUM(AM50:AW50) -> 4000
A51: =A50+1 -> 40 | G51: Không yêu cầu | J51: =IF(ISERROR(1000000*H51/$E$2),"",1000000*H51/$E$2) -> 0 | K51: =J51*$K$11*$N$9/1000000 -> 0 | L51: =J51*$L$11*$N$9/1000000 -> 0 | M51: =IF(I51<K51,"Cần order thêm",IF(I51>L51,"Quá nhiều hàng tồn","")) | N51: =IF(M51="Cần order thêm",L51-I51,"") | Q51: =$N51*$Q$10 -> #VALUE! | R51: =$N51*$R$10 -> #VALUE! | S51: =$N51*$S$10 -> #VALUE! | T51: =$N51*$T$10 -> #VALUE! | U51: =$N51*$U$10 -> #VALUE! | V51: =$N51*$V$10 -> #VALUE! | W51: =$N51*$W$10 -> #VALUE! | X51: =$N51*$X$10 -> #VALUE! | Y51: =$N51*$Y$10 -> #VALUE! | Z51: =$N51*$Z$10 -> #VALUE! | AA51: =$N51*$AA$10 -> #VALUE! | AB51: =$N51*$AB$10 -> #VALUE! | AC51: =$N51*$AC$10 -> #VALUE! | AD51: =$N51*$AD$10 -> #VALUE! | AE51: =$N51*$AE$10 -> #VALUE! | AF51: =$N51*$AF$10 -> #VALUE! | AG51: =$N51*$AG$10 -> #VALUE! | AH51: =$N51*$AH$10 -> #VALUE! | AI51: =$N51*$AI$10 -> #VALUE! | AJ51: =$N51*$AJ$10 -> #VALUE! | AK51: =$N51*$AK$10 -> #VALUE! | AO51: 1000 | AW51: 1000 | AX51: =SUM(AM51:AW51) -> 2000
A52: =A51+1 -> 41 | G52: Không yêu cầu | J52: =IF(ISERROR(1000000*H52/$E$2),"",1000000*H52/$E$2) -> 0 | K52: =J52*$K$11*$N$9/1000000 -> 0 | L52: =J52*$L$11*$N$9/1000000 -> 0 | M52: =IF(I52<K52,"Cần order thêm",IF(I52>L52,"Quá nhiều hàng tồn","")) | N52: =IF(M52="Cần order thêm",L52-I52,"") | Q52: =$N52*$Q$10 -> #VALUE! | R52: =$N52*$R$10 -> #VALUE! | S52: =$N52*$S$10 -> #VALUE! | T52: =$N52*$T$10 -> #VALUE! | U52: =$N52*$U$10 -> #VALUE! | V52: =$N52*$V$10 -> #VALUE! | W52: =$N52*$W$10 -> #VALUE! | X52: =$N52*$X$10 -> #VALUE! | Y52: =$N52*$Y$10 -> #VALUE! | Z52: =$N52*$Z$10 -> #VALUE! | AA52: =$N52*$AA$10 -> #VALUE! | AB52: =$N52*$AB$10 -> #VALUE! | AC52: =$N52*$AC$10 -> #VALUE! | AD52: =$N52*$AD$10 -> #VALUE! | AE52: =$N52*$AE$10 -> #VALUE! | AF52: =$N52*$AF$10 -> #VALUE! | AG52: =$N52*$AG$10 -> #VALUE! | AH52: =$N52*$AH$10 -> #VALUE! | AI52: =$N52*$AI$10 -> #VALUE! | AJ52: =$N52*$AJ$10 -> #VALUE! | AK52: =$N52*$AK$10 -> #VALUE! | AM52: 20000 | AO52: 20000 | AS52: 40000 | AW52: 20000 | AX52: =SUM(AM52:AW52) -> 100000
A53: =A52+1 -> 42 | G53: Không yêu cầu | J53: =IF(ISERROR(1000000*H53/$E$2),"",1000000*H53/$E$2) -> 0 | K53: =J53*$K$11*$N$9/1000000 -> 0 | L53: =J53*$L$11*$N$9/1000000 -> 0 | M53: =IF(I53<K53,"Cần order thêm",IF(I53>L53,"Quá nhiều hàng tồn","")) | N53: =IF(M53="Cần order thêm",L53-I53,"") | Q53: =$N53*$Q$10 -> #VALUE! | R53: =$N53*$R$10 -> #VALUE! | S53: =$N53*$S$10 -> #VALUE! | T53: =$N53*$T$10 -> #VALUE! | U53: =$N53*$U$10 -> #VALUE! | V53: =$N53*$V$10 -> #VALUE! | W53: =$N53*$W$10 -> #VALUE! | X53: =$N53*$X$10 -> #VALUE! | Y53: =$N53*$Y$10 -> #VALUE! | Z53: =$N53*$Z$10 -> #VALUE! | AA53: =$N53*$AA$10 -> #VALUE! | AB53: =$N53*$AB$10 -> #VALUE! | AC53: =$N53*$AC$10 -> #VALUE! | AD53: =$N53*$AD$10 -> #VALUE! | AE53: =$N53*$AE$10 -> #VALUE! | AF53: =$N53*$AF$10 -> #VALUE! | AG53: =$N53*$AG$10 -> #VALUE! | AH53: =$N53*$AH$10 -> #VALUE! | AI53: =$N53*$AI$10 -> #VALUE! | AJ53: =$N53*$AJ$10 -> #VALUE! | AK53: =$N53*$AK$10 -> #VALUE! | AM53: 5000 | AO53: 5000 | AS53: 5000 | AW53: 5000 | AX53: =SUM(AM53:AW53) -> 20000
A54: =A53+1 -> 43 | G54: 20 kg | J54: =IF(ISERROR(1000000*H54/$E$2),"",1000000*H54/$E$2) -> 0 | K54: =J54*$K$11*$N$9/1000000 -> 0 | L54: =J54*$L$11*$N$9/1000000 -> 0 | M54: =IF(I54<K54,"Cần order thêm",IF(I54>L54,"Quá nhiều hàng tồn","")) | N54: =IF(M54="Cần order thêm",L54-I54,"") | Q54: =$N54*$Q$10 -> #VALUE! | R54: =$N54*$R$10 -> #VALUE! | S54: =$N54*$S$10 -> #VALUE! | T54: =$N54*$T$10 -> #VALUE! | U54: =$N54*$U$10 -> #VALUE! | V54: =$N54*$V$10 -> #VALUE! | W54: =$N54*$W$10 -> #VALUE! | X54: =$N54*$X$10 -> #VALUE! | Y54: =$N54*$Y$10 -> #VALUE! | Z54: =$N54*$Z$10 -> #VALUE! | AA54: =$N54*$AA$10 -> #VALUE! | AB54: =$N54*$AB$10 -> #VALUE! | AC54: =$N54*$AC$10 -> #VALUE! | AD54: =$N54*$AD$10 -> #VALUE! | AE54: =$N54*$AE$10 -> #VALUE! | AF54: =$N54*$AF$10 -> #VALUE! | AG54: =$N54*$AG$10 -> #VALUE! | AH54: =$N54*$AH$10 -> #VALUE! | AI54: =$N54*$AI$10 -> #VALUE! | AJ54: =$N54*$AJ$10 -> #VALUE! | AK54: =$N54*$AK$10 -> #VALUE!
A55: =A54+1 -> 44 | G55: 3 can | J55: =IF(ISERROR(1000000*H55/$E$2),"",1000000*H55/$E$2) -> 0 | K55: =J55*$K$11*$N$9/1000000 -> 0 | L55: =J55*$L$11*$N$9/1000000 -> 0 | M55: =IF(I55<K55,"Cần order thêm",IF(I55>L55,"Quá nhiều hàng tồn","")) | N55: =IF(M55="Cần order thêm",L55-I55,"") | Q55: =$N55*$Q$10 -> #VALUE! | R55: =$N55*$R$10 -> #VALUE! | S55: =$N55*$S$10 -> #VALUE! | T55: =$N55*$T$10 -> #VALUE! | U55: =$N55*$U$10 -> #VALUE! | V55: =$N55*$V$10 -> #VALUE! | W55: =$N55*$W$10 -> #VALUE! | X55: =$N55*$X$10 -> #VALUE! | Y55: =$N55*$Y$10 -> #VALUE! | Z55: =$N55*$Z$10 -> #VALUE! | AA55: =$N55*$AA$10 -> #VALUE! | AB55: =$N55*$AB$10 -> #VALUE! | AC55: =$N55*$AC$10 -> #VALUE! | AD55: =$N55*$AD$10 -> #VALUE! | AE55: =$N55*$AE$10 -> #VALUE! | AF55: =$N55*$AF$10 -> #VALUE! | AG55: =$N55*$AG$10 -> #VALUE! | AH55: =$N55*$AH$10 -> #VALUE! | AI55: =$N55*$AI$10 -> #VALUE! | AJ55: =$N55*$AJ$10 -> #VALUE! | AK55: =$N55*$AK$10 -> #VALUE!
A56: =A55+1 -> 45 | G56: Không yêu cầu | J56: =IF(ISERROR(1000000*H56/$E$2),"",1000000*H56/$E$2) -> 0 | K56: =J56*$K$11*$N$9/1000000 -> 0 | L56: =J56*$L$11*$N$9/1000000 -> 0 | M56: =IF(I56<K56,"Cần order thêm",IF(I56>L56,"Quá nhiều hàng tồn","")) | N56: =IF(M56="Cần order thêm",L56-I56,"") | Q56: =$N56*$Q$10 -> #VALUE! | R56: =$N56*$R$10 -> #VALUE! | S56: =$N56*$S$10 -> #VALUE! | T56: =$N56*$T$10 -> #VALUE! | U56: =$N56*$U$10 -> #VALUE! | V56: =$N56*$V$10 -> #VALUE! | W56: =$N56*$W$10 -> #VALUE! | X56: =$N56*$X$10 -> #VALUE! | Y56: =$N56*$Y$10 -> #VALUE! | Z56: =$N56*$Z$10 -> #VALUE! | AA56: =$N56*$AA$10 -> #VALUE! | AB56: =$N56*$AB$10 -> #VALUE! | AC56: =$N56*$AC$10 -> #VALUE! | AD56: =$N56*$AD$10 -> #VALUE! | AE56: =$N56*$AE$10 -> #VALUE! | AF56: =$N56*$AF$10 -> #VALUE! | AG56: =$N56*$AG$10 -> #VALUE! | AH56: =$N56*$AH$10 -> #VALUE! | AI56: =$N56*$AI$10 -> #VALUE! | AJ56: =$N56*$AJ$10 -> #VALUE! | AK56: =$N56*$AK$10 -> #VALUE!
A57: =A56+1 -> 46 | G57: Không yêu cầu | J57: =IF(ISERROR(1000000*H57/$E$2),"",1000000*H57/$E$2) -> 0 | K57: =J57*$K$11*$N$9/1000000 -> 0 | L57: =J57*$L$11*$N$9/1000000 -> 0 | M57: =IF(I57<K57,"Cần order thêm",IF(I57>L57,"Quá nhiều hàng tồn","")) | N57: =IF(M57="Cần order thêm",L57-I57,"") | Q57: =$N57*$Q$10 -> #VALUE! | R57: =$N57*$R$10 -> #VALUE! | S57: =$N57*$S$10 -> #VALUE! | T57: =$N57*$T$10 -> #VALUE! | U57: =$N57*$U$10 -> #VALUE! | V57: =$N57*$V$10 -> #VALUE! | W57: =$N57*$W$10 -> #VALUE! | X57: =$N57*$X$10 -> #VALUE! | Y57: =$N57*$Y$10 -> #VALUE! | Z57: =$N57*$Z$10 -> #VALUE! | AA57: =$N57*$AA$10 -> #VALUE! | AB57: =$N57*$AB$10 -> #VALUE! | AC57: =$N57*$AC$10 -> #VALUE! | AD57: =$N57*$AD$10 -> #VALUE! | AE57: =$N57*$AE$10 -> #VALUE! | AF57: =$N57*$AF$10 -> #VALUE! | AG57: =$N57*$AG$10 -> #VALUE! | AH57: =$N57*$AH$10 -> #VALUE! | AI57: =$N57*$AI$10 -> #VALUE! | AJ57: =$N57*$AJ$10 -> #VALUE! | AK57: =$N57*$AK$10 -> #VALUE!
A58: =A57+1 -> 47 | G58: Không yêu cầu | J58: =IF(ISERROR(1000000*H58/$E$2),"",1000000*H58/$E$2) -> 0 | K58: =J58*$K$11*$N$9/1000000 -> 0 | L58: =J58*$L$11*$N$9/1000000 -> 0 | M58: =IF(I58<K58,"Cần order thêm",IF(I58>L58,"Quá nhiều hàng tồn","")) | N58: =IF(M58="Cần order thêm",L58-I58,"") | Q58: =$N58*$Q$10 -> #VALUE! | R58: =$N58*$R$10 -> #VALUE! | S58: =$N58*$S$10 -> #VALUE! | T58: =$N58*$T$10 -> #VALUE! | U58: =$N58*$U$10 -> #VALUE! | V58: =$N58*$V$10 -> #VALUE! | W58: =$N58*$W$10 -> #VALUE! | X58: =$N58*$X$10 -> #VALUE! | Y58: =$N58*$Y$10 -> #VALUE! | Z58: =$N58*$Z$10 -> #VALUE! | AA58: =$N58*$AA$10 -> #VALUE! | AB58: =$N58*$AB$10 -> #VALUE! | AC58: =$N58*$AC$10 -> #VALUE! | AD58: =$N58*$AD$10 -> #VALUE! | AE58: =$N58*$AE$10 -> #VALUE! | AF58: =$N58*$AF$10 -> #VALUE! | AG58: =$N58*$AG$10 -> #VALUE! | AH58: =$N58*$AH$10 -> #VALUE! | AI58: =$N58*$AI$10 -> #VALUE! | AJ58: =$N58*$AJ$10 -> #VALUE! | AK58: =$N58*$AK$10 -> #VALUE!
A59: =A58+1 -> 48 | G59: Không yêu cầu | J59: =IF(ISERROR(1000000*H59/$E$2),"",1000000*H59/$E$2) -> 0 | K59: =J59*$K$11*$N$9/1000000 -> 0 | L59: =J59*$L$11*$N$9/1000000 -> 0 | M59: =IF(I59<K59,"Cần order thêm",IF(I59>L59,"Quá nhiều hàng tồn","")) | N59: =IF(M59="Cần order thêm",L59-I59,"") | Q59: =$N59*$Q$10 -> #VALUE! | R59: =$N59*$R$10 -> #VALUE! | S59: =$N59*$S$10 -> #VALUE! | T59: =$N59*$T$10 -> #VALUE! | U59: =$N59*$U$10 -> #VALUE! | V59: =$N59*$V$10 -> #VALUE! | W59: =$N59*$W$10 -> #VALUE! | X59: =$N59*$X$10 -> #VALUE! | Y59: =$N59*$Y$10 -> #VALUE! | Z59: =$N59*$Z$10 -> #VALUE! | AA59: =$N59*$AA$10 -> #VALUE! | AB59: =$N59*$AB$10 -> #VALUE! | AC59: =$N59*$AC$10 -> #VALUE! | AD59: =$N59*$AD$10 -> #VALUE! | AE59: =$N59*$AE$10 -> #VALUE! | AF59: =$N59*$AF$10 -> #VALUE! | AG59: =$N59*$AG$10 -> #VALUE! | AH59: =$N59*$AH$10 -> #VALUE! | AI59: =$N59*$AI$10 -> #VALUE! | AJ59: =$N59*$AJ$10 -> #VALUE! | AK59: =$N59*$AK$10 -> #VALUE!
A60: =A59+1 -> 49 | G60: Không yêu cầu | J60: =IF(ISERROR(1000000*H60/$E$2),"",1000000*H60/$E$2) -> 0 | K60: =J60*$K$11*$N$9/1000000 -> 0 | L60: =J60*$L$11*$N$9/1000000 -> 0 | M60: =IF(I60<K60,"Cần order thêm",IF(I60>L60,"Quá nhiều hàng tồn","")) | N60: =IF(M60="Cần order thêm",L60-I60,"") | Q60: =$N60*$Q$10 -> #VALUE! | R60: =$N60*$R$10 -> #VALUE! | S60: =$N60*$S$10 -> #VALUE! | T60: =$N60*$T$10 -> #VALUE! | U60: =$N60*$U$10 -> #VALUE! | V60: =$N60*$V$10 -> #VALUE! | W60: =$N60*$W$10 -> #VALUE! | X60: =$N60*$X$10 -> #VALUE! | Y60: =$N60*$Y$10 -> #VALUE! | Z60: =$N60*$Z$10 -> #VALUE! | AA60: =$N60*$AA$10 -> #VALUE! | AB60: =$N60*$AB$10 -> #VALUE! | AC60: =$N60*$AC$10 -> #VALUE! | AD60: =$N60*$AD$10 -> #VALUE! | AE60: =$N60*$AE$10 -> #VALUE! | AF60: =$N60*$AF$10 -> #VALUE! | AG60: =$N60*$AG$10 -> #VALUE! | AH60: =$N60*$AH$10 -> #VALUE! | AI60: =$N60*$AI$10 -> #VALUE! | AJ60: =$N60*$AJ$10 -> #VALUE! | AK60: =$N60*$AK$10 -> #VALUE!
A61: =A60+1 -> 50 | G61: Không yêu cầu | J61: =IF(ISERROR(1000000*H61/$E$2),"",1000000*H61/$E$2) -> 0 | K61: =J61*$K$11*$N$9/1000000 -> 0 | L61: =J61*$L$11*$N$9/1000000 -> 0 | M61: =IF(I61<K61,"Cần order thêm",IF(I61>L61,"Quá nhiều hàng tồn","")) | N61: =IF(M61="Cần order thêm",L61-I61,"") | Q61: =$N61*$Q$10 -> #VALUE! | R61: =$N61*$R$10 -> #VALUE! | S61: =$N61*$S$10 -> #VALUE! | T61: =$N61*$T$10 -> #VALUE! | U61: =$N61*$U$10 -> #VALUE! | V61: =$N61*$V$10 -> #VALUE! | W61: =$N61*$W$10 -> #VALUE! | X61: =$N61*$X$10 -> #VALUE! | Y61: =$N61*$Y$10 -> #VALUE! | Z61: =$N61*$Z$10 -> #VALUE! | AA61: =$N61*$AA$10 -> #VALUE! | AB61: =$N61*$AB$10 -> #VALUE! | AC61: =$N61*$AC$10 -> #VALUE! | AD61: =$N61*$AD$10 -> #VALUE! | AE61: =$N61*$AE$10 -> #VALUE! | AF61: =$N61*$AF$10 -> #VALUE! | AG61: =$N61*$AG$10 -> #VALUE! | AH61: =$N61*$AH$10 -> #VALUE! | AI61: =$N61*$AI$10 -> #VALUE! | AJ61: =$N61*$AJ$10 -> #VALUE! | AK61: =$N61*$AK$10 -> #VALUE!
A62: =A61+1 -> 51 | G62: Không yêu cầu | J62: =IF(ISERROR(1000000*H62/$E$2),"",1000000*H62/$E$2) -> 0 | K62: =J62*$K$11*$N$9/1000000 -> 0 | L62: =J62*$L$11*$N$9/1000000 -> 0 | M62: =IF(I62<K62,"Cần order thêm",IF(I62>L62,"Quá nhiều hàng tồn","")) | N62: =IF(M62="Cần order thêm",L62-I62,"") | Q62: =$N62*$Q$10 -> #VALUE! | R62: =$N62*$R$10 -> #VALUE! | S62: =$N62*$S$10 -> #VALUE! | T62: =$N62*$T$10 -> #VALUE! | U62: =$N62*$U$10 -> #VALUE! | V62: =$N62*$V$10 -> #VALUE! | W62: =$N62*$W$10 -> #VALUE! | X62: =$N62*$X$10 -> #VALUE! | Y62: =$N62*$Y$10 -> #VALUE! | Z62: =$N62*$Z$10 -> #VALUE! | AA62: =$N62*$AA$10 -> #VALUE! | AB62: =$N62*$AB$10 -> #VALUE! | AC62: =$N62*$AC$10 -> #VALUE! | AD62: =$N62*$AD$10 -> #VALUE! | AE62: =$N62*$AE$10 -> #VALUE! | AF62: =$N62*$AF$10 -> #VALUE! | AG62: =$N62*$AG$10 -> #VALUE! | AH62: =$N62*$AH$10 -> #VALUE! | AI62: =$N62*$AI$10 -> #VALUE! | AJ62: =$N62*$AJ$10 -> #VALUE! | AK62: =$N62*$AK$10 -> #VALUE!
A63: =A62+1 -> 52 | G63: Không yêu cầu | J63: =IF(ISERROR(1000000*H63/$E$2),"",1000000*H63/$E$2) -> 0 | K63: =J63*$K$11*$N$9/1000000 -> 0 | L63: =J63*$L$11*$N$9/1000000 -> 0 | M63: =IF(I63<K63,"Cần order thêm",IF(I63>L63,"Quá nhiều hàng tồn","")) | N63: =IF(M63="Cần order thêm",L63-I63,"") | Q63: =$N63*$Q$10 -> #VALUE! | R63: =$N63*$R$10 -> #VALUE! | S63: =$N63*$S$10 -> #VALUE! | T63: =$N63*$T$10 -> #VALUE! | U63: =$N63*$U$10 -> #VALUE! | V63: =$N63*$V$10 -> #VALUE! | W63: =$N63*$W$10 -> #VALUE! | X63: =$N63*$X$10 -> #VALUE! | Y63: =$N63*$Y$10 -> #VALUE! | Z63: =$N63*$Z$10 -> #VALUE! | AA63: =$N63*$AA$10 -> #VALUE! | AB63: =$N63*$AB$10 -> #VALUE! | AC63: =$N63*$AC$10 -> #VALUE! | AD63: =$N63*$AD$10 -> #VALUE! | AE63: =$N63*$AE$10 -> #VALUE! | AF63: =$N63*$AF$10 -> #VALUE! | AG63: =$N63*$AG$10 -> #VALUE! | AH63: =$N63*$AH$10 -> #VALUE! | AI63: =$N63*$AI$10 -> #VALUE! | AJ63: =$N63*$AJ$10 -> #VALUE! | AK63: =$N63*$AK$10 -> #VALUE!
A64: =A63+1 -> 53 | G64: Không yêu cầu | J64: =IF(ISERROR(1000000*H64/$E$2),"",1000000*H64/$E$2) -> 0 | K64: =J64*$K$11*$N$9/1000000 -> 0 | L64: =J64*$L$11*$N$9/1000000 -> 0 | M64: =IF(I64<K64,"Cần order thêm",IF(I64>L64,"Quá nhiều hàng tồn","")) | N64: =IF(M64="Cần order thêm",L64-I64,"") | Q64: =$N64*$Q$10 -> #VALUE! | R64: =$N64*$R$10 -> #VALUE! | S64: =$N64*$S$10 -> #VALUE! | T64: =$N64*$T$10 -> #VALUE! | U64: =$N64*$U$10 -> #VALUE! | V64: =$N64*$V$10 -> #VALUE! | W64: =$N64*$W$10 -> #VALUE! | X64: =$N64*$X$10 -> #VALUE! | Y64: =$N64*$Y$10 -> #VALUE! | Z64: =$N64*$Z$10 -> #VALUE! | AA64: =$N64*$AA$10 -> #VALUE! | AB64: =$N64*$AB$10 -> #VALUE! | AC64: =$N64*$AC$10 -> #VALUE! | AD64: =$N64*$AD$10 -> #VALUE! | AE64: =$N64*$AE$10 -> #VALUE! | AF64: =$N64*$AF$10 -> #VALUE! | AG64: =$N64*$AG$10 -> #VALUE! | AH64: =$N64*$AH$10 -> #VALUE! | AI64: =$N64*$AI$10 -> #VALUE! | AJ64: =$N64*$AJ$10 -> #VALUE! | AK64: =$N64*$AK$10 -> #VALUE!
A65: =A64+1 -> 54 | G65: Không yêu cầu | J65: =IF(ISERROR(1000000*H65/$E$2),"",1000000*H65/$E$2) -> 0 | K65: =J65*$K$11*$N$9/1000000 -> 0 | L65: =J65*$L$11*$N$9/1000000 -> 0 | M65: =IF(I65<K65,"Cần order thêm",IF(I65>L65,"Quá nhiều hàng tồn","")) | N65: =IF(M65="Cần order thêm",L65-I65,"") | Q65: =$N65*$Q$10 -> #VALUE! | R65: =$N65*$R$10 -> #VALUE! | S65: =$N65*$S$10 -> #VALUE! | T65: =$N65*$T$10 -> #VALUE! | U65: =$N65*$U$10 -> #VALUE! | V65: =$N65*$V$10 -> #VALUE! | W65: =$N65*$W$10 -> #VALUE! | X65: =$N65*$X$10 -> #VALUE! | Y65: =$N65*$Y$10 -> #VALUE! | Z65: =$N65*$Z$10 -> #VALUE! | AA65: =$N65*$AA$10 -> #VALUE! | AB65: =$N65*$AB$10 -> #VALUE! | AC65: =$N65*$AC$10 -> #VALUE! | AD65: =$N65*$AD$10 -> #VALUE! | AE65: =$N65*$AE$10 -> #VALUE! | AF65: =$N65*$AF$10 -> #VALUE! | AG65: =$N65*$AG$10 -> #VALUE! | AH65: =$N65*$AH$10 -> #VALUE! | AI65: =$N65*$AI$10 -> #VALUE! | AJ65: =$N65*$AJ$10 -> #VALUE! | AK65: =$N65*$AK$10 -> #VALUE!
... A70: =A69+1 -> 59 | G70: Không yêu cầu | J70: =IF(ISERROR(1000000*H70/$E$2),"",1000000*H70/$E$2) -> 0 | K70: =J70*$K$11*$N$9/1000000 -> 0 | L70: =J70*$L$11*$N$9/1000000 -> 0 | M70: =IF(I70<K70,"Cần order thêm",IF(I70>L70,"Quá nhiều hàng tồn","")) | N70: =IF(M70="Cần order thêm",L70-I70,"") | Q70: =$N70*$Q$10 -> #VALUE! | R70: =$N70*$R$10 -> #VALUE! | S70: =$N70*$S$10 -> #VALUE! | T70: =$N70*$T$10 -> #VALUE! | U70: =$N70*$U$10 -> #VALUE! | V70: =$N70*$V$10 -> #VALUE! | W70: =$N70*$W$10 -> #VALUE! | X70: =$N70*$X$10 -> #VALUE! | Y70: =$N70*$Y$10 -> #VALUE! | Z70: =$N70*$Z$10 -> #VALUE! | AA70: =$N70*$AA$10 -> #VALUE! | AB70: =$N70*$AB$10 -> #VALUE! | AC70: =$N70*$AC$10 -> #VALUE! | AD70: =$N70*$AD$10 -> #VALUE! | AE70: =$N70*$AE$10 -> #VALUE! | AF70: =$N70*$AF$10 -> #VALUE! | AG70: =$N70*$AG$10 -> #VALUE! | AH70: =$N70*$AH$10 -> #VALUE! | AI70: =$N70*$AI$10 -> #VALUE! | AJ70: =$N70*$AJ$10 -> #VALUE! | AK70: =$N70*$AK$10 -> #VALUE!
A71: =A70+1 -> 60 | G71: 1000000 | J71: =IF(ISERROR(1000000*H71/$E$2),"",1000000*H71/$E$2) -> 0 | K71: =J71*$K$11*$N$9/1000000 -> 0 | L71: =J71*$L$11*$N$9/1000000 -> 0 | M71: =IF(I71<K71,"Cần order thêm",IF(I71>L71,"Quá nhiều hàng tồn","")) | N71: =IF(M71="Cần order thêm",L71-I71,"") | Q71: =$N71*$Q$10 -> #VALUE! | R71: =$N71*$R$10 -> #VALUE! | S71: =$N71*$S$10 -> #VALUE! | T71: =$N71*$T$10 -> #VALUE! | U71: =$N71*$U$10 -> #VALUE! | V71: =$N71*$V$10 -> #VALUE! | W71: =$N71*$W$10 -> #VALUE! | X71: =$N71*$X$10 -> #VALUE! | Y71: =$N71*$Y$10 -> #VALUE! | Z71: =$N71*$Z$10 -> #VALUE! | AA71: =$N71*$AA$10 -> #VALUE! | AB71: =$N71*$AB$10 -> #VALUE! | AC71: =$N71*$AC$10 -> #VALUE! | AD71: =$N71*$AD$10 -> #VALUE! | AE71: =$N71*$AE$10 -> #VALUE! | AF71: =$N71*$AF$10 -> #VALUE! | AG71: =$N71*$AG$10 -> #VALUE! | AH71: =$N71*$AH$10 -> #VALUE! | AI71: =$N71*$AI$10 -> #VALUE! | AJ71: =$N71*$AJ$10 -> #VALUE! | AK71: =$N71*$AK$10 -> #VALUE!
A72: =A71+1 -> 61 | G72: 1000000 | J72: =IF(ISERROR(1000000*H72/$E$2),"",1000000*H72/$E$2) -> 0 | K72: =J72*$K$11*$N$9/1000000 -> 0 | L72: =J72*$L$11*$N$9/1000000 -> 0 | M72: =IF(I72<K72,"Cần order thêm",IF(I72>L72,"Quá nhiều hàng tồn","")) | N72: =IF(M72="Cần order thêm",L72-I72,"") | Q72: =$N72*$Q$10 -> #VALUE! | R72: =$N72*$R$10 -> #VALUE! | S72: =$N72*$S$10 -> #VALUE! | T72: =$N72*$T$10 -> #VALUE! | U72: =$N72*$U$10 -> #VALUE! | V72: =$N72*$V$10 -> #VALUE! | W72: =$N72*$W$10 -> #VALUE! | X72: =$N72*$X$10 -> #VALUE! | Y72: =$N72*$Y$10 -> #VALUE! | Z72: =$N72*$Z$10 -> #VALUE! | AA72: =$N72*$AA$10 -> #VALUE! | AB72: =$N72*$AB$10 -> #VALUE! | AC72: =$N72*$AC$10 -> #VALUE! | AD72: =$N72*$AD$10 -> #VALUE! | AE72: =$N72*$AE$10 -> #VALUE! | AF72: =$N72*$AF$10 -> #VALUE! | AG72: =$N72*$AG$10 -> #VALUE! | AH72: =$N72*$AH$10 -> #VALUE! | AI72: =$N72*$AI$10 -> #VALUE! | AJ72: =$N72*$AJ$10 -> #VALUE! | AK72: =$N72*$AK$10 -> #VALUE!
A73: =A72+1 -> 62 | G73: 1000000 | J73: =IF(ISERROR(1000000*H73/$E$2),"",1000000*H73/$E$2) -> 0 | K73: =J73*$K$11*$N$9/1000000 -> 0 | L73: =J73*$L$11*$N$9/1000000 -> 0 | M73: =IF(I73<K73,"Cần order thêm",IF(I73>L73,"Quá nhiều hàng tồn","")) | N73: =IF(M73="Cần order thêm",L73-I73,"") | Q73: =$N73*$Q$10 -> #VALUE! | R73: =$N73*$R$10 -> #VALUE! | S73: =$N73*$S$10 -> #VALUE! | T73: =$N73*$T$10 -> #VALUE! | U73: =$N73*$U$10 -> #VALUE! | V73: =$N73*$V$10 -> #VALUE! | W73: =$N73*$W$10 -> #VALUE! | X73: =$N73*$X$10 -> #VALUE! | Y73: =$N73*$Y$10 -> #VALUE! | Z73: =$N73*$Z$10 -> #VALUE! | AA73: =$N73*$AA$10 -> #VALUE! | AB73: =$N73*$AB$10 -> #VALUE! | AC73: =$N73*$AC$10 -> #VALUE! | AD73: =$N73*$AD$10 -> #VALUE! | AE73: =$N73*$AE$10 -> #VALUE! | AF73: =$N73*$AF$10 -> #VALUE! | AG73: =$N73*$AG$10 -> #VALUE! | AH73: =$N73*$AH$10 -> #VALUE! | AI73: =$N73*$AI$10 -> #VALUE! | AJ73: =$N73*$AJ$10 -> #VALUE! | AK73: =$N73*$AK$10 -> #VALUE!
A74: =A73+1 -> 63 | G74: 1000000 | J74: =IF(ISERROR(1000000*H74/$E$2),"",1000000*H74/$E$2) -> 0 | K74: =J74*$K$11*$N$9/1000000 -> 0 | L74: =J74*$L$11*$N$9/1000000 -> 0 | M74: =IF(I74<K74,"Cần order thêm",IF(I74>L74,"Quá nhiều hàng tồn","")) | N74: =IF(M74="Cần order thêm",L74-I74,"") | Q74: =$N74*$Q$10 -> #VALUE! | R74: =$N74*$R$10 -> #VALUE! | S74: =$N74*$S$10 -> #VALUE! | T74: =$N74*$T$10 -> #VALUE! | U74: =$N74*$U$10 -> #VALUE! | V74: =$N74*$V$10 -> #VALUE! | W74: =$N74*$W$10 -> #VALUE! | X74: =$N74*$X$10 -> #VALUE! | Y74: =$N74*$Y$10 -> #VALUE! | Z74: =$N74*$Z$10 -> #VALUE! | AA74: =$N74*$AA$10 -> #VALUE! | AB74: =$N74*$AB$10 -> #VALUE! | AC74: =$N74*$AC$10 -> #VALUE! | AD74: =$N74*$AD$10 -> #VALUE! | AE74: =$N74*$AE$10 -> #VALUE! | AF74: =$N74*$AF$10 -> #VALUE! | AG74: =$N74*$AG$10 -> #VALUE! | AH74: =$N74*$AH$10 -> #VALUE! | AI74: =$N74*$AI$10 -> #VALUE! | AJ74: =$N74*$AJ$10 -> #VALUE! | AK74: =$N74*$AK$10 -> #VALUE!
A75: =A74+1 -> 64 | G75: 1 crate | J75: =IF(ISERROR(1000000*H75/$E$2),"",1000000*H75/$E$2) -> 0 | K75: =J75*$K$11*$N$9/1000000 -> 0 | L75: =J75*$L$11*$N$9/1000000 -> 0 | M75: =IF(I75<K75,"Cần order thêm",IF(I75>L75,"Quá nhiều hàng tồn","")) | N75: =IF(M75="Cần order thêm",L75-I75,"") | Q75: =$N75*$Q$10 -> #VALUE! | R75: =$N75*$R$10 -> #VALUE! | S75: =$N75*$S$10 -> #VALUE! | T75: =$N75*$T$10 -> #VALUE! | U75: =$N75*$U$10 -> #VALUE! | V75: =$N75*$V$10 -> #VALUE! | W75: =$N75*$W$10 -> #VALUE! | X75: =$N75*$X$10 -> #VALUE! | Y75: =$N75*$Y$10 -> #VALUE! | Z75: =$N75*$Z$10 -> #VALUE! | AA75: =$N75*$AA$10 -> #VALUE! | AB75: =$N75*$AB$10 -> #VALUE! | AC75: =$N75*$AC$10 -> #VALUE! | AD75: =$N75*$AD$10 -> #VALUE! | AE75: =$N75*$AE$10 -> #VALUE! | AF75: =$N75*$AF$10 -> #VALUE! | AG75: =$N75*$AG$10 -> #VALUE! | AH75: =$N75*$AH$10 -> #VALUE! | AI75: =$N75*$AI$10 -> #VALUE! | AJ75: =$N75*$AJ$10 -> #VALUE! | AK75: =$N75*$AK$10 -> #VALUE!
A76: =A75+1 -> 65 | G76: Không yêu cầu | J76: =IF(ISERROR(1000000*H76/$E$2),"",1000000*H76/$E$2) -> 0 | K76: =J76*$K$11*$N$9/1000000 -> 0 | L76: =J76*$L$11*$N$9/1000000 -> 0 | M76: =IF(I76<K76,"Cần order thêm",IF(I76>L76,"Quá nhiều hàng tồn","")) | N76: =IF(M76="Cần order thêm",L76-I76,"") | Q76: =$N76*$Q$10 -> #VALUE! | R76: =$N76*$R$10 -> #VALUE! | S76: =$N76*$S$10 -> #VALUE! | T76: =$N76*$T$10 -> #VALUE! | U76: =$N76*$U$10 -> #VALUE! | V76: =$N76*$V$10 -> #VALUE! | W76: =$N76*$W$10 -> #VALUE! | X76: =$N76*$X$10 -> #VALUE! | Y76: =$N76*$Y$10 -> #VALUE! | Z76: =$N76*$Z$10 -> #VALUE! | AA76: =$N76*$AA$10 -> #VALUE! | AB76: =$N76*$AB$10 -> #VALUE! | AC76: =$N76*$AC$10 -> #VALUE! | AD76: =$N76*$AD$10 -> #VALUE! | AE76: =$N76*$AE$10 -> #VALUE! | AF76: =$N76*$AF$10 -> #VALUE! | AG76: =$N76*$AG$10 -> #VALUE! | AH76: =$N76*$AH$10 -> #VALUE! | AI76: =$N76*$AI$10 -> #VALUE! | AJ76: =$N76*$AJ$10 -> #VALUE! | AK76: =$N76*$AK$10 -> #VALUE!
A77: =A76+1 -> 66 | G77: Không yêu cầu | J77: =IF(ISERROR(1000000*H77/$E$2),"",1000000*H77/$E$2) -> 0 | K77: =J77*$K$11*$N$9/1000000 -> 0 | L77: =J77*$L$11*$N$9/1000000 -> 0 | M77: =IF(I77<K77,"Cần order thêm",IF(I77>L77,"Quá nhiều hàng tồn","")) | N77: =IF(M77="Cần order thêm",L77-I77,"") | Q77: =$N77*$Q$10 -> #VALUE! | R77: =$N77*$R$10 -> #VALUE! | S77: =$N77*$S$10 -> #VALUE! | T77: =$N77*$T$10 -> #VALUE! | U77: =$N77*$U$10 -> #VALUE! | V77: =$N77*$V$10 -> #VALUE! | W77: =$N77*$W$10 -> #VALUE! | X77: =$N77*$X$10 -> #VALUE! | Y77: =$N77*$Y$10 -> #VALUE! | Z77: =$N77*$Z$10 -> #VALUE! | AA77: =$N77*$AA$10 -> #VALUE! | AB77: =$N77*$AB$10 -> #VALUE! | AC77: =$N77*$AC$10 -> #VALUE! | AD77: =$N77*$AD$10 -> #VALUE! | AE77: =$N77*$AE$10 -> #VALUE! | AF77: =$N77*$AF$10 -> #VALUE! | AG77: =$N77*$AG$10 -> #VALUE! | AH77: =$N77*$AH$10 -> #VALUE! | AI77: =$N77*$AI$10 -> #VALUE! | AJ77: =$N77*$AJ$10 -> #VALUE! | AK77: =$N77*$AK$10 -> #VALUE!
A78: =A77+1 -> 67 | G78: 1000000 | J78: =IF(ISERROR(1000000*H78/$E$2),"",1000000*H78/$E$2) -> 0 | K78: =J78*$K$11*$N$9/1000000 -> 0 | L78: =J78*$L$11*$N$9/1000000 -> 0 | M78: =IF(I78<K78,"Cần order thêm",IF(I78>L78,"Quá nhiều hàng tồn","")) | N78: =IF(M78="Cần order thêm",L78-I78,"") | Q78: =$N78*$Q$10 -> #VALUE! | R78: =$N78*$R$10 -> #VALUE! | S78: =$N78*$S$10 -> #VALUE! | T78: =$N78*$T$10 -> #VALUE! | U78: =$N78*$U$10 -> #VALUE! | V78: =$N78*$V$10 -> #VALUE! | W78: =$N78*$W$10 -> #VALUE! | X78: =$N78*$X$10 -> #VALUE! | Y78: =$N78*$Y$10 -> #VALUE! | Z78: =$N78*$Z$10 -> #VALUE! | AA78: =$N78*$AA$10 -> #VALUE! | AB78: =$N78*$AB$10 -> #VALUE! | AC78: =$N78*$AC$10 -> #VALUE! | AD78: =$N78*$AD$10 -> #VALUE! | AE78: =$N78*$AE$10 -> #VALUE! | AF78: =$N78*$AF$10 -> #VALUE! | AG78: =$N78*$AG$10 -> #VALUE! | AH78: =$N78*$AH$10 -> #VALUE! | AI78: =$N78*$AI$10 -> #VALUE! | AJ78: =$N78*$AJ$10 -> #VALUE! | AK78: =$N78*$AK$10 -> #VALUE!
A79: =A78+1 -> 68 | G79: Không yêu cầu | J79: =IF(ISERROR(1000000*H79/$E$2),"",1000000*H79/$E$2) -> 0 | K79: =J79*$K$11*$N$9/1000000 -> 0 | L79: =J79*$L$11*$N$9/1000000 -> 0 | M79: =IF(I79<K79,"Cần order thêm",IF(I79>L79,"Quá nhiều hàng tồn","")) | N79: =IF(M79="Cần order thêm",L79-I79,"") | Q79: =$N79*$Q$10 -> #VALUE! | R79: =$N79*$R$10 -> #VALUE! | S79: =$N79*$S$10 -> #VALUE! | T79: =$N79*$T$10 -> #VALUE! | U79: =$N79*$U$10 -> #VALUE! | V79: =$N79*$V$10 -> #VALUE! | W79: =$N79*$W$10 -> #VALUE! | X79: =$N79*$X$10 -> #VALUE! | Y79: =$N79*$Y$10 -> #VALUE! | Z79: =$N79*$Z$10 -> #VALUE! | AA79: =$N79*$AA$10 -> #VALUE! | AB79: =$N79*$AB$10 -> #VALUE! | AC79: =$N79*$AC$10 -> #VALUE! | AD79: =$N79*$AD$10 -> #VALUE! | AE79: =$N79*$AE$10 -> #VALUE! | AF79: =$N79*$AF$10 -> #VALUE! | AG79: =$N79*$AG$10 -> #VALUE! | AH79: =$N79*$AH$10 -> #VALUE! | AI79: =$N79*$AI$10 -> #VALUE! | AJ79: =$N79*$AJ$10 -> #VALUE! | AK79: =$N79*$AK$10 -> #VALUE!
A80: =A79+1 -> 69 | G80: 1000000 | J80: =IF(ISERROR(1000000*H80/$E$2),"",1000000*H80/$E$2) -> 0 | K80: =J80*$K$11*$N$9/1000000 -> 0 | L80: =J80*$L$11*$N$9/1000000 -> 0 | M80: =IF(I80<K80,"Cần order thêm",IF(I80>L80,"Quá nhiều hàng tồn","")) | N80: =IF(M80="Cần order thêm",L80-I80,"") | Q80: =$N80*$Q$10 -> #VALUE! | R80: =$N80*$R$10 -> #VALUE! | S80: =$N80*$S$10 -> #VALUE! | T80: =$N80*$T$10 -> #VALUE! | U80: =$N80*$U$10 -> #VALUE! | V80: =$N80*$V$10 -> #VALUE! | W80: =$N80*$W$10 -> #VALUE! | X80: =$N80*$X$10 -> #VALUE! | Y80: =$N80*$Y$10 -> #VALUE! | Z80: =$N80*$Z$10 -> #VALUE! | AA80: =$N80*$AA$10 -> #VALUE! | AB80: =$N80*$AB$10 -> #VALUE! | AC80: =$N80*$AC$10 -> #VALUE! | AD80: =$N80*$AD$10 -> #VALUE! | AE80: =$N80*$AE$10 -> #VALUE! | AF80: =$N80*$AF$10 -> #VALUE! | AG80: =$N80*$AG$10 -> #VALUE! | AH80: =$N80*$AH$10 -> #VALUE! | AI80: =$N80*$AI$10 -> #VALUE! | AJ80: =$N80*$AJ$10 -> #VALUE! | AK80: =$N80*$AK$10 -> #VALUE!
A81: =A80+1 -> 70 | G81: 1000000 | J81: =IF(ISERROR(1000000*H81/$E$2),"",1000000*H81/$E$2) -> 0 | K81: =J81*$K$11*$N$9/1000000 -> 0 | L81: =J81*$L$11*$N$9/1000000 -> 0 | M81: =IF(I81<K81,"Cần order thêm",IF(I81>L81,"Quá nhiều hàng tồn","")) | N81: =IF(M81="Cần order thêm",L81-I81,"") | Q81: =$N81*$Q$10 -> #VALUE! | R81: =$N81*$R$10 -> #VALUE! | S81: =$N81*$S$10 -> #VALUE! | T81: =$N81*$T$10 -> #VALUE! | U81: =$N81*$U$10 -> #VALUE! | V81: =$N81*$V$10 -> #VALUE! | W81: =$N81*$W$10 -> #VALUE! | X81: =$N81*$X$10 -> #VALUE! | Y81: =$N81*$Y$10 -> #VALUE! | Z81: =$N81*$Z$10 -> #VALUE! | AA81: =$N81*$AA$10 -> #VALUE! | AB81: =$N81*$AB$10 -> #VALUE! | AC81: =$N81*$AC$10 -> #VALUE! | AD81: =$N81*$AD$10 -> #VALUE! | AE81: =$N81*$AE$10 -> #VALUE! | AF81: =$N81*$AF$10 -> #VALUE! | AG81: =$N81*$AG$10 -> #VALUE! | AH81: =$N81*$AH$10 -> #VALUE! | AI81: =$N81*$AI$10 -> #VALUE! | AJ81: =$N81*$AJ$10 -> #VALUE! | AK81: =$N81*$AK$10 -> #VALUE!
A82: =A81+1 -> 71 | G82: 1000000 | J82: =IF(ISERROR(1000000*H82/$E$2),"",1000000*H82/$E$2) -> 0 | K82: =J82*$K$11*$N$9/1000000 -> 0 | L82: =J82*$L$11*$N$9/1000000 -> 0 | M82: =IF(I82<K82,"Cần order thêm",IF(I82>L82,"Quá nhiều hàng tồn","")) | N82: =IF(M82="Cần order thêm",L82-I82,"") | Q82: =$N82*$Q$10 -> #VALUE! | R82: =$N82*$R$10 -> #VALUE! | S82: =$N82*$S$10 -> #VALUE! | T82: =$N82*$T$10 -> #VALUE! | U82: =$N82*$U$10 -> #VALUE! | V82: =$N82*$V$10 -> #VALUE! | W82: =$N82*$W$10 -> #VALUE! | X82: =$N82*$X$10 -> #VALUE! | Y82: =$N82*$Y$10 -> #VALUE! | Z82: =$N82*$Z$10 -> #VALUE! | AA82: =$N82*$AA$10 -> #VALUE! | AB82: =$N82*$AB$10 -> #VALUE! | AC82: =$N82*$AC$10 -> #VALUE! | AD82: =$N82*$AD$10 -> #VALUE! | AE82: =$N82*$AE$10 -> #VALUE! | AF82: =$N82*$AF$10 -> #VALUE! | AG82: =$N82*$AG$10 -> #VALUE! | AH82: =$N82*$AH$10 -> #VALUE! | AI82: =$N82*$AI$10 -> #VALUE! | AJ82: =$N82*$AJ$10 -> #VALUE! | AK82: =$N82*$AK$10 -> #VALUE!
A83: =A82+1 -> 72 | J83: =IF(ISERROR(1000000*H83/$E$2),"",1000000*H83/$E$2) -> 0 | K83: =J83*$K$11*$N$9/1000000 -> 0 | L83: =J83*$L$11*$N$9/1000000 -> 0 | M83: =IF(I83<K83,"Cần order thêm",IF(I83>L83,"Quá nhiều hàng tồn","")) | N83: =IF(M83="Cần order thêm",L83-I83,"") | Q83: =$N83*$Q$10 -> #VALUE! | R83: =$N83*$R$10 -> #VALUE! | S83: =$N83*$S$10 -> #VALUE! | T83: =$N83*$T$10 -> #VALUE! | U83: =$N83*$U$10 -> #VALUE! | V83: =$N83*$V$10 -> #VALUE! | W83: =$N83*$W$10 -> #VALUE! | X83: =$N83*$X$10 -> #VALUE! | Y83: =$N83*$Y$10 -> #VALUE! | Z83: =$N83*$Z$10 -> #VALUE! | AA83: =$N83*$AA$10 -> #VALUE! | AB83: =$N83*$AB$10 -> #VALUE! | AC83: =$N83*$AC$10 -> #VALUE! | AD83: =$N83*$AD$10 -> #VALUE! | AE83: =$N83*$AE$10 -> #VALUE! | AF83: =$N83*$AF$10 -> #VALUE! | AG83: =$N83*$AG$10 -> #VALUE! | AH83: =$N83*$AH$10 -> #VALUE! | AI83: =$N83*$AI$10 -> #VALUE! | AJ83: =$N83*$AJ$10 -> #VALUE! | AK83: =$N83*$AK$10 -> #VALUE!
A84: =A83+1 -> 73 | J84: =IF(ISERROR(1000000*H84/$E$2),"",1000000*H84/$E$2) -> 0 | K84: =J84*$K$11*$N$9/1000000 -> 0 | L84: =J84*$L$11*$N$9/1000000 -> 0 | M84: =IF(I84<K84,"Cần order thêm",IF(I84>L84,"Quá nhiều hàng tồn","")) | N84: =IF(M84="Cần order thêm",L84-I84,"") | Q84: =$N84*$Q$10 -> #VALUE! | R84: =$N84*$R$10 -> #VALUE! | S84: =$N84*$S$10 -> #VALUE! | T84: =$N84*$T$10 -> #VALUE! | U84: =$N84*$U$10 -> #VALUE! | V84: =$N84*$V$10 -> #VALUE! | W84: =$N84*$W$10 -> #VALUE! | X84: =$N84*$X$10 -> #VALUE! | Y84: =$N84*$Y$10 -> #VALUE! | Z84: =$N84*$Z$10 -> #VALUE! | AA84: =$N84*$AA$10 -> #VALUE! | AB84: =$N84*$AB$10 -> #VALUE! | AC84: =$N84*$AC$10 -> #VALUE! | AD84: =$N84*$AD$10 -> #VALUE! | AE84: =$N84*$AE$10 -> #VALUE! | AF84: =$N84*$AF$10 -> #VALUE! | AG84: =$N84*$AG$10 -> #VALUE! | AH84: =$N84*$AH$10 -> #VALUE! | AI84: =$N84*$AI$10 -> #VALUE! | AJ84: =$N84*$AJ$10 -> #VALUE! | AK84: =$N84*$AK$10 -> #VALUE!
A85: =A84+1 -> 74 | G85: 1000000 | J85: =IF(ISERROR(1000000*H85/$E$2),"",1000000*H85/$E$2) -> 0 | K85: =J85*$K$11*$N$9/1000000 -> 0 | L85: =J85*$L$11*$N$9/1000000 -> 0 | M85: =IF(I85<K85,"Cần order thêm",IF(I85>L85,"Quá nhiều hàng tồn","")) | N85: =IF(M85="Cần order thêm",L85-I85,"") | Q85: =$N85*$Q$10 -> #VALUE! | R85: =$N85*$R$10 -> #VALUE! | S85: =$N85*$S$10 -> #VALUE! | T85: =$N85*$T$10 -> #VALUE! | U85: =$N85*$U$10 -> #VALUE! | V85: =$N85*$V$10 -> #VALUE! | W85: =$N85*$W$10 -> #VALUE! | X85: =$N85*$X$10 -> #VALUE! | Y85: =$N85*$Y$10 -> #VALUE! | Z85: =$N85*$Z$10 -> #VALUE! | AA85: =$N85*$AA$10 -> #VALUE! | AB85: =$N85*$AB$10 -> #VALUE! | AC85: =$N85*$AC$10 -> #VALUE! | AD85: =$N85*$AD$10 -> #VALUE! | AE85: =$N85*$AE$10 -> #VALUE! | AF85: =$N85*$AF$10 -> #VALUE! | AG85: =$N85*$AG$10 -> #VALUE! | AH85: =$N85*$AH$10 -> #VALUE! | AI85: =$N85*$AI$10 -> #VALUE! | AJ85: =$N85*$AJ$10 -> #VALUE! | AK85: =$N85*$AK$10 -> #VALUE!
A86: =A85+1 -> 75 | J86: =IF(ISERROR(1000000*H86/$E$2),"",1000000*H86/$E$2) -> 0 | K86: =J86*$K$11*$N$9/1000000 -> 0 | L86: =J86*$L$11*$N$9/1000000 -> 0 | M86: =IF(I86<K86,"Cần order thêm",IF(I86>L86,"Quá nhiều hàng tồn","")) | N86: =IF(M86="Cần order thêm",L86-I86,"") | Q86: =$N86*$Q$10 -> #VALUE! | R86: =$N86*$R$10 -> #VALUE! | S86: =$N86*$S$10 -> #VALUE! | T86: =$N86*$T$10 -> #VALUE! | U86: =$N86*$U$10 -> #VALUE! | V86: =$N86*$V$10 -> #VALUE! | W86: =$N86*$W$10 -> #VALUE! | X86: =$N86*$X$10 -> #VALUE! | Y86: =$N86*$Y$10 -> #VALUE! | Z86: =$N86*$Z$10 -> #VALUE! | AA86: =$N86*$AA$10 -> #VALUE! | AB86: =$N86*$AB$10 -> #VALUE! | AC86: =$N86*$AC$10 -> #VALUE! | AD86: =$N86*$AD$10 -> #VALUE! | AE86: =$N86*$AE$10 -> #VALUE! | AF86: =$N86*$AF$10 -> #VALUE! | AG86: =$N86*$AG$10 -> #VALUE! | AH86: =$N86*$AH$10 -> #VALUE! | AI86: =$N86*$AI$10 -> #VALUE! | AJ86: =$N86*$AJ$10 -> #VALUE! | AK86: =$N86*$AK$10 -> #VALUE!
A87: =A86+1 -> 76 | G87: Không yêu cầu | J87: =IF(ISERROR(1000000*H87/$E$2),"",1000000*H87/$E$2) -> 0 | K87: =J87*$K$11*$N$9/1000000 -> 0 | L87: =J87*$L$11*$N$9/1000000 -> 0 | M87: =IF(I87<K87,"Cần order thêm",IF(I87>L87,"Quá nhiều hàng tồn","")) | N87: =IF(M87="Cần order thêm",L87-I87,"") | Q87: =$N87*$Q$10 -> #VALUE! | R87: =$N87*$R$10 -> #VALUE! | S87: =$N87*$S$10 -> #VALUE! | T87: =$N87*$T$10 -> #VALUE! | U87: =$N87*$U$10 -> #VALUE! | V87: =$N87*$V$10 -> #VALUE! | W87: =$N87*$W$10 -> #VALUE! | X87: =$N87*$X$10 -> #VALUE! | Y87: =$N87*$Y$10 -> #VALUE! | Z87: =$N87*$Z$10 -> #VALUE! | AA87: =$N87*$AA$10 -> #VALUE! | AB87: =$N87*$AB$10 -> #VALUE! | AC87: =$N87*$AC$10 -> #VALUE! | AD87: =$N87*$AD$10 -> #VALUE! | AE87: =$N87*$AE$10 -> #VALUE! | AF87: =$N87*$AF$10 -> #VALUE! | AG87: =$N87*$AG$10 -> #VALUE! | AH87: =$N87*$AH$10 -> #VALUE! | AI87: =$N87*$AI$10 -> #VALUE! | AJ87: =$N87*$AJ$10 -> #VALUE! | AK87: =$N87*$AK$10 -> #VALUE!
A88: =A87+1 -> 77 | G88: Không yêu cầu | J88: =IF(ISERROR(1000000*H88/$E$2),"",1000000*H88/$E$2) -> 0 | K88: =J88*$K$11*$N$9/1000000 -> 0 | L88: =J88*$L$11*$N$9/1000000 -> 0 | M88: =IF(I88<K88,"Cần order thêm",IF(I88>L88,"Quá nhiều hàng tồn","")) | N88: =IF(M88="Cần order thêm",L88-I88,"") | Q88: =$N88*$Q$10 -> #VALUE! | R88: =$N88*$R$10 -> #VALUE! | S88: =$N88*$S$10 -> #VALUE! | T88: =$N88*$T$10 -> #VALUE! | U88: =$N88*$U$10 -> #VALUE! | V88: =$N88*$V$10 -> #VALUE! | W88: =$N88*$W$10 -> #VALUE! | X88: =$N88*$X$10 -> #VALUE! | Y88: =$N88*$Y$10 -> #VALUE! | Z88: =$N88*$Z$10 -> #VALUE! | AA88: =$N88*$AA$10 -> #VALUE! | AB88: =$N88*$AB$10 -> #VALUE! | AC88: =$N88*$AC$10 -> #VALUE! | AD88: =$N88*$AD$10 -> #VALUE! | AE88: =$N88*$AE$10 -> #VALUE! | AF88: =$N88*$AF$10 -> #VALUE! | AG88: =$N88*$AG$10 -> #VALUE! | AH88: =$N88*$AH$10 -> #VALUE! | AI88: =$N88*$AI$10 -> #VALUE! | AJ88: =$N88*$AJ$10 -> #VALUE! | AK88: =$N88*$AK$10 -> #VALUE!
A89: =A88+1 -> 78 | G89: 2 btl | J89: =IF(ISERROR(1000000*H89/$E$2),"",1000000*H89/$E$2) -> 0 | K89: =J89*$K$11*$N$9/1000000 -> 0 | L89: =J89*$L$11*$N$9/1000000 -> 0 | M89: =IF(I89<K89,"Cần order thêm",IF(I89>L89,"Quá nhiều hàng tồn","")) | N89: =IF(M89="Cần order thêm",L89-I89,"") | Q89: =$N89*$Q$10 -> #VALUE! | R89: =$N89*$R$10 -> #VALUE! | S89: =$N89*$S$10 -> #VALUE! | T89: =$N89*$T$10 -> #VALUE! | U89: =$N89*$U$10 -> #VALUE! | V89: =$N89*$V$10 -> #VALUE! | W89: =$N89*$W$10 -> #VALUE! | X89: =$N89*$X$10 -> #VALUE! | Y89: =$N89*$Y$10 -> #VALUE! | Z89: =$N89*$Z$10 -> #VALUE! | AA89: =$N89*$AA$10 -> #VALUE! | AB89: =$N89*$AB$10 -> #VALUE! | AC89: =$N89*$AC$10 -> #VALUE! | AD89: =$N89*$AD$10 -> #VALUE! | AE89: =$N89*$AE$10 -> #VALUE! | AF89: =$N89*$AF$10 -> #VALUE! | AG89: =$N89*$AG$10 -> #VALUE! | AH89: =$N89*$AH$10 -> #VALUE! | AI89: =$N89*$AI$10 -> #VALUE! | AJ89: =$N89*$AJ$10 -> #VALUE! | AK89: =$N89*$AK$10 -> #VALUE!
A90: =A89+1 -> 79 | G90: 2 btl | J90: =IF(ISERROR(1000000*H90/$E$2),"",1000000*H90/$E$2) -> 0 | K90: =J90*$K$11*$N$9/1000000 -> 0 | L90: =J90*$L$11*$N$9/1000000 -> 0 | M90: =IF(I90<K90,"Cần order thêm",IF(I90>L90,"Quá nhiều hàng tồn","")) | N90: =IF(M90="Cần order thêm",L90-I90,"") | Q90: =$N90*$Q$10 -> #VALUE! | R90: =$N90*$R$10 -> #VALUE! | S90: =$N90*$S$10 -> #VALUE! | T90: =$N90*$T$10 -> #VALUE! | U90: =$N90*$U$10 -> #VALUE! | V90: =$N90*$V$10 -> #VALUE! | W90: =$N90*$W$10 -> #VALUE! | X90: =$N90*$X$10 -> #VALUE! | Y90: =$N90*$Y$10 -> #VALUE! | Z90: =$N90*$Z$10 -> #VALUE! | AA90: =$N90*$AA$10 -> #VALUE! | AB90: =$N90*$AB$10 -> #VALUE! | AC90: =$N90*$AC$10 -> #VALUE! | AD90: =$N90*$AD$10 -> #VALUE! | AE90: =$N90*$AE$10 -> #VALUE! | AF90: =$N90*$AF$10 -> #VALUE! | AG90: =$N90*$AG$10 -> #VALUE! | AH90: =$N90*$AH$10 -> #VALUE! | AI90: =$N90*$AI$10 -> #VALUE! | AJ90: =$N90*$AJ$10 -> #VALUE! | AK90: =$N90*$AK$10 -> #VALUE!
A91: =A90+1 -> 80 | G91: Không yêu cầu | J91: =IF(ISERROR(1000000*H91/$E$2),"",1000000*H91/$E$2) -> 0 | K91: =J91*$K$11*$N$9/1000000 -> 0 | L91: =J91*$L$11*$N$9/1000000 -> 0 | M91: =IF(I91<K91,"Cần order thêm",IF(I91>L91,"Quá nhiều hàng tồn","")) | N91: =IF(M91="Cần order thêm",L91-I91,"") | Q91: =$N91*$Q$10 -> #VALUE! | R91: =$N91*$R$10 -> #VALUE! | S91: =$N91*$S$10 -> #VALUE! | T91: =$N91*$T$10 -> #VALUE! | U91: =$N91*$U$10 -> #VALUE! | V91: =$N91*$V$10 -> #VALUE! | W91: =$N91*$W$10 -> #VALUE! | X91: =$N91*$X$10 -> #VALUE! | Y91: =$N91*$Y$10 -> #VALUE! | Z91: =$N91*$Z$10 -> #VALUE! | AA91: =$N91*$AA$10 -> #VALUE! | AB91: =$N91*$AB$10 -> #VALUE! | AC91: =$N91*$AC$10 -> #VALUE! | AD91: =$N91*$AD$10 -> #VALUE! | AE91: =$N91*$AE$10 -> #VALUE! | AF91: =$N91*$AF$10 -> #VALUE! | AG91: =$N91*$AG$10 -> #VALUE! | AH91: =$N91*$AH$10 -> #VALUE! | AI91: =$N91*$AI$10 -> #VALUE! | AJ91: =$N91*$AJ$10 -> #VALUE! | AK91: =$N91*$AK$10 -> #VALUE!
A92: =A91+1 -> 81 | G92: Không yêu cầu | J92: =IF(ISERROR(1000000*H92/$E$2),"",1000000*H92/$E$2) -> 0 | K92: =J92*$K$11*$N$9/1000000 -> 0 | L92: =J92*$L$11*$N$9/1000000 -> 0 | M92: =IF(I92<K92,"Cần order thêm",IF(I92>L92,"Quá nhiều hàng tồn","")) | N92: =IF(M92="Cần order thêm",L92-I92,"") | Q92: =$N92*$Q$10 -> #VALUE! | R92: =$N92*$R$10 -> #VALUE! | S92: =$N92*$S$10 -> #VALUE! | T92: =$N92*$T$10 -> #VALUE! | U92: =$N92*$U$10 -> #VALUE! | V92: =$N92*$V$10 -> #VALUE! | W92: =$N92*$W$10 -> #VALUE! | X92: =$N92*$X$10 -> #VALUE! | Y92: =$N92*$Y$10 -> #VALUE! | Z92: =$N92*$Z$10 -> #VALUE! | AA92: =$N92*$AA$10 -> #VALUE! | AB92: =$N92*$AB$10 -> #VALUE! | AC92: =$N92*$AC$10 -> #VALUE! | AD92: =$N92*$AD$10 -> #VALUE! | AE92: =$N92*$AE$10 -> #VALUE! | AF92: =$N92*$AF$10 -> #VALUE! | AG92: =$N92*$AG$10 -> #VALUE! | AH92: =$N92*$AH$10 -> #VALUE! | AI92: =$N92*$AI$10 -> #VALUE! | AJ92: =$N92*$AJ$10 -> #VALUE! | AK92: =$N92*$AK$10 -> #VALUE!
A93: =A92+1 -> 82 | J93: =IF(ISERROR(1000000*H93/$E$2),"",1000000*H93/$E$2) -> 0 | K93: =J93*$K$11*$N$9/1000000 -> 0 | L93: =J93*$L$11*$N$9/1000000 -> 0 | M93: =IF(I93<K93,"Cần order thêm",IF(I93>L93,"Quá nhiều hàng tồn","")) | N93: =IF(M93="Cần order thêm",L93-I93,"") | Q93: =$N93*$Q$10 -> #VALUE! | R93: =$N93*$R$10 -> #VALUE! | S93: =$N93*$S$10 -> #VALUE! | T93: =$N93*$T$10 -> #VALUE! | U93: =$N93*$U$10 -> #VALUE! | V93: =$N93*$V$10 -> #VALUE! | W93: =$N93*$W$10 -> #VALUE! | X93: =$N93*$X$10 -> #VALUE! | Y93: =$N93*$Y$10 -> #VALUE! | Z93: =$N93*$Z$10 -> #VALUE! | AA93: =$N93*$AA$10 -> #VALUE! | AB93: =$N93*$AB$10 -> #VALUE! | AC93: =$N93*$AC$10 -> #VALUE! | AD93: =$N93*$AD$10 -> #VALUE! | AE93: =$N93*$AE$10 -> #VALUE! | AF93: =$N93*$AF$10 -> #VALUE! | AG93: =$N93*$AG$10 -> #VALUE! | AH93: =$N93*$AH$10 -> #VALUE! | AI93: =$N93*$AI$10 -> #VALUE! | AJ93: =$N93*$AJ$10 -> #VALUE! | AK93: =$N93*$AK$10 -> #VALUE!
A94: =A93+1 -> 83 | J94: =IF(ISERROR(1000000*H94/$E$2),"",1000000*H94/$E$2) -> 0 | K94: =J94*$K$11*$N$9/1000000 -> 0 | L94: =J94*$L$11*$N$9/1000000 -> 0 | M94: =IF(I94<K94,"Cần order thêm",IF(I94>L94,"Quá nhiều hàng tồn","")) | N94: =IF(M94="Cần order thêm",L94-I94,"") | Q94: =$N94*$Q$10 -> #VALUE! | R94: =$N94*$R$10 -> #VALUE! | S94: =$N94*$S$10 -> #VALUE! | T94: =$N94*$T$10 -> #VALUE! | U94: =$N94*$U$10 -> #VALUE! | V94: =$N94*$V$10 -> #VALUE! | W94: =$N94*$W$10 -> #VALUE! | X94: =$N94*$X$10 -> #VALUE! | Y94: =$N94*$Y$10 -> #VALUE! | Z94: =$N94*$Z$10 -> #VALUE! | AA94: =$N94*$AA$10 -> #VALUE! | AB94: =$N94*$AB$10 -> #VALUE! | AC94: =$N94*$AC$10 -> #VALUE! | AD94: =$N94*$AD$10 -> #VALUE! | AE94: =$N94*$AE$10 -> #VALUE! | AF94: =$N94*$AF$10 -> #VALUE! | AG94: =$N94*$AG$10 -> #VALUE! | AH94: =$N94*$AH$10 -> #VALUE! | AI94: =$N94*$AI$10 -> #VALUE! | AJ94: =$N94*$AJ$10 -> #VALUE! | AK94: =$N94*$AK$10 -> #VALUE!
A95: =A94+1 -> 84 | J95: =IF(ISERROR(1000000*H95/$E$2),"",1000000*H95/$E$2) -> 0 | K95: =J95*$K$11*$N$9/1000000 -> 0 | L95: =J95*$L$11*$N$9/1000000 -> 0 | M95: =IF(I95<K95,"Cần order thêm",IF(I95>L95,"Quá nhiều hàng tồn","")) | N95: =IF(M95="Cần order thêm",L95-I95,"") | Q95: =$N95*$Q$10 -> #VALUE! | R95: =$N95*$R$10 -> #VALUE! | S95: =$N95*$S$10 -> #VALUE! | T95: =$N95*$T$10 -> #VALUE! | U95: =$N95*$U$10 -> #VALUE! | V95: =$N95*$V$10 -> #VALUE! | W95: =$N95*$W$10 -> #VALUE! | X95: =$N95*$X$10 -> #VALUE! | Y95: =$N95*$Y$10 -> #VALUE! | Z95: =$N95*$Z$10 -> #VALUE! | AA95: =$N95*$AA$10 -> #VALUE! | AB95: =$N95*$AB$10 -> #VALUE! | AC95: =$N95*$AC$10 -> #VALUE! | AD95: =$N95*$AD$10 -> #VALUE! | AE95: =$N95*$AE$10 -> #VALUE! | AF95: =$N95*$AF$10 -> #VALUE! | AG95: =$N95*$AG$10 -> #VALUE! | AH95: =$N95*$AH$10 -> #VALUE! | AI95: =$N95*$AI$10 -> #VALUE! | AJ95: =$N95*$AJ$10 -> #VALUE! | AK95: =$N95*$AK$10 -> #VALUE!
A96: =A95+1 -> 85 | J96: =IF(ISERROR(1000000*H96/$E$2),"",1000000*H96/$E$2) -> 0 | K96: =J96*$K$11*$N$9/1000000 -> 0 | L96: =J96*$L$11*$N$9/1000000 -> 0 | M96: =IF(I96<K96,"Cần order thêm",IF(I96>L96,"Quá nhiều hàng tồn","")) | N96: =IF(M96="Cần order thêm",L96-I96,"") | Q96: =$N96*$Q$10 -> #VALUE! | R96: =$N96*$R$10 -> #VALUE! | S96: =$N96*$S$10 -> #VALUE! | T96: =$N96*$T$10 -> #VALUE! | U96: =$N96*$U$10 -> #VALUE! | V96: =$N96*$V$10 -> #VALUE! | W96: =$N96*$W$10 -> #VALUE! | X96: =$N96*$X$10 -> #VALUE! | Y96: =$N96*$Y$10 -> #VALUE! | Z96: =$N96*$Z$10 -> #VALUE! | AA96: =$N96*$AA$10 -> #VALUE! | AB96: =$N96*$AB$10 -> #VALUE! | AC96: =$N96*$AC$10 -> #VALUE! | AD96: =$N96*$AD$10 -> #VALUE! | AE96: =$N96*$AE$10 -> #VALUE! | AF96: =$N96*$AF$10 -> #VALUE! | AG96: =$N96*$AG$10 -> #VALUE! | AH96: =$N96*$AH$10 -> #VALUE! | AI96: =$N96*$AI$10 -> #VALUE! | AJ96: =$N96*$AJ$10 -> #VALUE! | AK96: =$N96*$AK$10 -> #VALUE!
A97: =A96+1 -> 86 | J97: =IF(ISERROR(1000000*H97/$E$2),"",1000000*H97/$E$2) -> 0 | K97: =J97*$K$11*$N$9/1000000 -> 0 | L97: =J97*$L$11*$N$9/1000000 -> 0 | M97: =IF(I97<K97,"Cần order thêm",IF(I97>L97,"Quá nhiều hàng tồn","")) | N97: =IF(M97="Cần order thêm",L97-I97,"") | Q97: =$N97*$Q$10 -> #VALUE! | R97: =$N97*$R$10 -> #VALUE! | S97: =$N97*$S$10 -> #VALUE! | T97: =$N97*$T$10 -> #VALUE! | U97: =$N97*$U$10 -> #VALUE! | V97: =$N97*$V$10 -> #VALUE! | W97: =$N97*$W$10 -> #VALUE! | X97: =$N97*$X$10 -> #VALUE! | Y97: =$N97*$Y$10 -> #VALUE! | Z97: =$N97*$Z$10 -> #VALUE! | AA97: =$N97*$AA$10 -> #VALUE! | AB97: =$N97*$AB$10 -> #VALUE! | AC97: =$N97*$AC$10 -> #VALUE! | AD97: =$N97*$AD$10 -> #VALUE! | AE97: =$N97*$AE$10 -> #VALUE! | AF97: =$N97*$AF$10 -> #VALUE! | AG97: =$N97*$AG$10 -> #VALUE! | AH97: =$N97*$AH$10 -> #VALUE! | AI97: =$N97*$AI$10 -> #VALUE! | AJ97: =$N97*$AJ$10 -> #VALUE! | AK97: =$N97*$AK$10 -> #VALUE!
A98: =A97+1 -> 87 | J98: =IF(ISERROR(1000000*H98/$E$2),"",1000000*H98/$E$2) -> 0 | K98: =J98*$K$11*$N$9/1000000 -> 0 | L98: =J98*$L$11*$N$9/1000000 -> 0 | M98: =IF(I98<K98,"Cần order thêm",IF(I98>L98,"Quá nhiều hàng tồn","")) | N98: =IF(M98="Cần order thêm",L98-I98,"") | Q98: =$N98*$Q$10 -> #VALUE! | R98: =$N98*$R$10 -> #VALUE! | S98: =$N98*$S$10 -> #VALUE! | T98: =$N98*$T$10 -> #VALUE! | U98: =$N98*$U$10 -> #VALUE! | V98: =$N98*$V$10 -> #VALUE! | W98: =$N98*$W$10 -> #VALUE! | X98: =$N98*$X$10 -> #VALUE! | Y98: =$N98*$Y$10 -> #VALUE! | Z98: =$N98*$Z$10 -> #VALUE! | AA98: =$N98*$AA$10 -> #VALUE! | AB98: =$N98*$AB$10 -> #VALUE! | AC98: =$N98*$AC$10 -> #VALUE! | AD98: =$N98*$AD$10 -> #VALUE! | AE98: =$N98*$AE$10 -> #VALUE! | AF98: =$N98*$AF$10 -> #VALUE! | AG98: =$N98*$AG$10 -> #VALUE! | AH98: =$N98*$AH$10 -> #VALUE! | AI98: =$N98*$AI$10 -> #VALUE! | AJ98: =$N98*$AJ$10 -> #VALUE! | AK98: =$N98*$AK$10 -> #VALUE!
A99: =A98+1 -> 88 | J99: =IF(ISERROR(1000000*H99/$E$2),"",1000000*H99/$E$2) -> 0 | K99: =J99*$K$11*$N$9/1000000 -> 0 | L99: =J99*$L$11*$N$9/1000000 -> 0 | M99: =IF(I99<K99,"Cần order thêm",IF(I99>L99,"Quá nhiều hàng tồn","")) | N99: =IF(M99="Cần order thêm",L99-I99,"") | Q99: =$N99*$Q$10 -> #VALUE! | R99: =$N99*$R$10 -> #VALUE! | S99: =$N99*$S$10 -> #VALUE! | T99: =$N99*$T$10 -> #VALUE! | U99: =$N99*$U$10 -> #VALUE! | V99: =$N99*$V$10 -> #VALUE! | W99: =$N99*$W$10 -> #VALUE! | X99: =$N99*$X$10 -> #VALUE! | Y99: =$N99*$Y$10 -> #VALUE! | Z99: =$N99*$Z$10 -> #VALUE! | AA99: =$N99*$AA$10 -> #VALUE! | AB99: =$N99*$AB$10 -> #VALUE! | AC99: =$N99*$AC$10 -> #VALUE! | AD99: =$N99*$AD$10 -> #VALUE! | AE99: =$N99*$AE$10 -> #VALUE! | AF99: =$N99*$AF$10 -> #VALUE! | AG99: =$N99*$AG$10 -> #VALUE! | AH99: =$N99*$AH$10 -> #VALUE! | AI99: =$N99*$AI$10 -> #VALUE! | AJ99: =$N99*$AJ$10 -> #VALUE! | AK99: =$N99*$AK$10 -> #VALUE!
A100: =A99+1 -> 89 | J100: =IF(ISERROR(1000000*H100/$E$2),"",1000000*H100/$E$2) -> 0 | K100: =J100*$K$11*$N$9/1000000 -> 0 | L100: =J100*$L$11*$N$9/1000000 -> 0 | M100: =IF(I100<K100,"Cần order thêm",IF(I100>L100,"Quá nhiều hàng tồn","")) | N100: =IF(M100="Cần order thêm",L100-I100,"") | Q100: =$N100*$Q$10 -> #VALUE! | R100: =$N100*$R$10 -> #VALUE! | S100: =$N100*$S$10 -> #VALUE! | T100: =$N100*$T$10 -> #VALUE! | U100: =$N100*$U$10 -> #VALUE! | V100: =$N100*$V$10 -> #VALUE! | W100: =$N100*$W$10 -> #VALUE! | X100: =$N100*$X$10 -> #VALUE! | Y100: =$N100*$Y$10 -> #VALUE! | Z100: =$N100*$Z$10 -> #VALUE! | AA100: =$N100*$AA$10 -> #VALUE! | AB100: =$N100*$AB$10 -> #VALUE! | AC100: =$N100*$AC$10 -> #VALUE! | AD100: =$N100*$AD$10 -> #VALUE! | AE100: =$N100*$AE$10 -> #VALUE! | AF100: =$N100*$AF$10 -> #VALUE! | AG100: =$N100*$AG$10 -> #VALUE! | AH100: =$N100*$AH$10 -> #VALUE! | AI100: =$N100*$AI$10 -> #VALUE! | AJ100: =$N100*$AJ$10 -> #VALUE! | AK100: =$N100*$AK$10 -> #VALUE!
A101: =A100+1 -> 90 | J101: =IF(ISERROR(1000000*H101/$E$2),"",1000000*H101/$E$2) -> 0 | K101: =J101*$K$11*$N$9/1000000 -> 0 | L101: =J101*$L$11*$N$9/1000000 -> 0 | M101: =IF(I101<K101,"Cần order thêm",IF(I101>L101,"Quá nhiều hàng tồn","")) | N101: =IF(M101="Cần order thêm",L101-I101,"") | Q101: =$N101*$Q$10 -> #VALUE! | R101: =$N101*$R$10 -> #VALUE! | S101: =$N101*$S$10 -> #VALUE! | T101: =$N101*$T$10 -> #VALUE! | U101: =$N101*$U$10 -> #VALUE! | V101: =$N101*$V$10 -> #VALUE! | W101: =$N101*$W$10 -> #VALUE! | X101: =$N101*$X$10 -> #VALUE! | Y101: =$N101*$Y$10 -> #VALUE! | Z101: =$N101*$Z$10 -> #VALUE! | AA101: =$N101*$AA$10 -> #VALUE! | AB101: =$N101*$AB$10 -> #VALUE! | AC101: =$N101*$AC$10 -> #VALUE! | AD101: =$N101*$AD$10 -> #VALUE! | AE101: =$N101*$AE$10 -> #VALUE! | AF101: =$N101*$AF$10 -> #VALUE! | AG101: =$N101*$AG$10 -> #VALUE! | AH101: =$N101*$AH$10 -> #VALUE! | AI101: =$N101*$AI$10 -> #VALUE! | AJ101: =$N101*$AJ$10 -> #VALUE! | AK101: =$N101*$AK$10 -> #VALUE!
A102: =A101+1 -> 91 | J102: =IF(ISERROR(1000000*H102/$E$2),"",1000000*H102/$E$2) -> 0 | K102: =J102*$K$11*$N$9/1000000 -> 0 | L102: =J102*$L$11*$N$9/1000000 -> 0 | M102: =IF(I102<K102,"Cần order thêm",IF(I102>L102,"Quá nhiều hàng tồn","")) | N102: =IF(M102="Cần order thêm",L102-I102,"") | Q102: =$N102*$Q$10 -> #VALUE! | R102: =$N102*$R$10 -> #VALUE! | S102: =$N102*$S$10 -> #VALUE! | T102: =$N102*$T$10 -> #VALUE! | U102: =$N102*$U$10 -> #VALUE! | V102: =$N102*$V$10 -> #VALUE! | W102: =$N102*$W$10 -> #VALUE! | X102: =$N102*$X$10 -> #VALUE! | Y102: =$N102*$Y$10 -> #VALUE! | Z102: =$N102*$Z$10 -> #VALUE! | AA102: =$N102*$AA$10 -> #VALUE! | AB102: =$N102*$AB$10 -> #VALUE! | AC102: =$N102*$AC$10 -> #VALUE! | AD102: =$N102*$AD$10 -> #VALUE! | AE102: =$N102*$AE$10 -> #VALUE! | AF102: =$N102*$AF$10 -> #VALUE! | AG102: =$N102*$AG$10 -> #VALUE! | AH102: =$N102*$AH$10 -> #VALUE! | AI102: =$N102*$AI$10 -> #VALUE! | AJ102: =$N102*$AJ$10 -> #VALUE! | AK102: =$N102*$AK$10 -> #VALUE!
A103: =A102+1 -> 92 | J103: =IF(ISERROR(1000000*H103/$E$2),"",1000000*H103/$E$2) -> 0 | K103: =J103*$K$11*$N$9/1000000 -> 0 | L103: =J103*$L$11*$N$9/1000000 -> 0 | M103: =IF(I103<K103,"Cần order thêm",IF(I103>L103,"Quá nhiều hàng tồn","")) | N103: =IF(M103="Cần order thêm",L103-I103,"") | Q103: =$N103*$Q$10 -> #VALUE! | R103: =$N103*$R$10 -> #VALUE! | S103: =$N103*$S$10 -> #VALUE! | T103: =$N103*$T$10 -> #VALUE! | U103: =$N103*$U$10 -> #VALUE! | V103: =$N103*$V$10 -> #VALUE! | W103: =$N103*$W$10 -> #VALUE! | X103: =$N103*$X$10 -> #VALUE! | Y103: =$N103*$Y$10 -> #VALUE! | Z103: =$N103*$Z$10 -> #VALUE! | AA103: =$N103*$AA$10 -> #VALUE! | AB103: =$N103*$AB$10 -> #VALUE! | AC103: =$N103*$AC$10 -> #VALUE! | AD103: =$N103*$AD$10 -> #VALUE! | AE103: =$N103*$AE$10 -> #VALUE! | AF103: =$N103*$AF$10 -> #VALUE! | AG103: =$N103*$AG$10 -> #VALUE! | AH103: =$N103*$AH$10 -> #VALUE! | AI103: =$N103*$AI$10 -> #VALUE! | AJ103: =$N103*$AJ$10 -> #VALUE! | AK103: =$N103*$AK$10 -> #VALUE!
A104: =A103+1 -> 93 | J104: =IF(ISERROR(1000000*H104/$E$2),"",1000000*H104/$E$2) -> 0 | K104: =J104*$K$11*$N$9/1000000 -> 0 | L104: =J104*$L$11*$N$9/1000000 -> 0 | M104: =IF(I104<K104,"Cần order thêm",IF(I104>L104,"Quá nhiều hàng tồn","")) | N104: =IF(M104="Cần order thêm",L104-I104,"") | Q104: =$N104*$Q$10 -> #VALUE! | R104: =$N104*$R$10 -> #VALUE! | S104: =$N104*$S$10 -> #VALUE! | T104: =$N104*$T$10 -> #VALUE! | U104: =$N104*$U$10 -> #VALUE! | V104: =$N104*$V$10 -> #VALUE! | W104: =$N104*$W$10 -> #VALUE! | X104: =$N104*$X$10 -> #VALUE! | Y104: =$N104*$Y$10 -> #VALUE! | Z104: =$N104*$Z$10 -> #VALUE! | AA104: =$N104*$AA$10 -> #VALUE! | AB104: =$N104*$AB$10 -> #VALUE! | AC104: =$N104*$AC$10 -> #VALUE! | AD104: =$N104*$AD$10 -> #VALUE! | AE104: =$N104*$AE$10 -> #VALUE! | AF104: =$N104*$AF$10 -> #VALUE! | AG104: =$N104*$AG$10 -> #VALUE! | AH104: =$N104*$AH$10 -> #VALUE! | AI104: =$N104*$AI$10 -> #VALUE! | AJ104: =$N104*$AJ$10 -> #VALUE! | AK104: =$N104*$AK$10 -> #VALUE!
... A378: =A377+1 -> 367 | J378: =IF(ISERROR(1000000*H378/$E$2),"",1000000*H378/$E$2) -> 0 | K378: =J378*$K$11*$N$9/1000000 -> 0 | L378: =J378*$L$11*$N$9/1000000 -> 0 | M378: =IF(I378<K378,"Cần order thêm",IF(I378>L378,"Quá nhiều hàng tồn","")) | N378: =IF(M378="Cần order thêm",L378-I378,"") | Q378: =$N378*$Q$10 -> #VALUE! | R378: =$N378*$R$10 -> #VALUE! | S378: =$N378*$S$10 -> #VALUE! | T378: =$N378*$T$10 -> #VALUE! | U378: =$N378*$U$10 -> #VALUE! | V378: =$N378*$V$10 -> #VALUE! | W378: =$N378*$W$10 -> #VALUE! | X378: =$N378*$X$10 -> #VALUE! | Y378: =$N378*$Y$10 -> #VALUE! | Z378: =$N378*$Z$10 -> #VALUE! | AA378: =$N378*$AA$10 -> #VALUE! | AB378: =$N378*$AB$10 -> #VALUE! | AC378: =$N378*$AC$10 -> #VALUE! | AD378: =$N378*$AD$10 -> #VALUE! | AE378: =$N378*$AE$10 -> #VALUE! | AF378: =$N378*$AF$10 -> #VALUE! | AG378: =$N378*$AG$10 -> #VALUE! | AH378: =$N378*$AH$10 -> #VALUE! | AI378: =$N378*$AI$10 -> #VALUE! | AJ378: =$N378*$AJ$10 -> #VALUE! | AK378: =$N378*$AK$10 -> #VALUE!

Sheet ĐƠN COOP
A2: DOANH THU THÁNG | E2: ='ĐƠN RAU'!E2 -> 10000000 | H2: CÔNG TY TNHH KIDO EDU
H4: Trường : | I4: KIDO | Q4: Weekly Sales Trend | AM4: NCC/CK | AO4: CK | AQ4: CK | AS4: CK | AU4: NCC | AW4: CK
F6: Kế hoạch đặt hàng hóa trong Tháng | Q6: 35000000 | R6: 35000000 | X6: 30000000 | Y6: 30000000 | Z6: 30000000 | AA6: 45000000 | AB6: 45000000 | AC6: 70000000 | AD6: 70000000 | AE6: 70000000 | AF6: 60000000 | AG6: 40000000 | AH6: 40000000 | AI6: 60000000 | AJ6: 60000000 | AK6: 50000000 | AM6: 28 TET | AO6: MUNG 2 | AQ6: MUNG 3 | AS6: MUNG 5 | AU6: MUNG 6 | AW6: MUNG 9
Q7: PHÂN BỔ SỐ LƯỢNG HÀNG NHẬP TRONG TUẦN | AM7: D1 | AO7: D2 | AQ7: D' | AS7: D3 | AU7: D2 | AW7: D4
X8: 27 Tết | Y8: 28 Tết | Z8: 29 Tết | AA8: 30 Tết | AB8: Mùng 1 | AC8: Mùng 2 | AD8: Mùng 3 | AE8: Mùng 4 | AF8: Mùng 5 | AG8: Mùng 6 | AH8: Mùng 7 | AI8: Mùng 8 | AJ8: Mùng 9 | AK8: Mùng 10 | AQ8: HANG NHAP GUI TAI CK
A9: STT | B9: NHÓM | C9: TÊN NHÀ CUNG CẤP | D9: CODE POS | E9: TÊN HÀNG | F9: ĐVT | G9: MOQ | H9: Số xuất dùng của tháng theo doanh thu | I9: Tồn Kiểm Kê | J9: Plan Sales cho thời gian nhập hàng tới: | N9: ='FC SALE'!D15 -> 33000000 | O9: Số cần đặt sau điều chỉnh ( nhập PM ) | Q9: 44228 | R9: =Q9+1 -> 44229 | S9: =R9+1 -> 44230 | T9: =S9+1 -> 44231 | U9: =T9+1 -> 44232 | V9: =U9+1 -> 44233 | W9: =V9+1 -> 44234 | X9: =W9+1 -> 44235 | Y9: =X9+1 -> 44236 | ... AK9: =AJ9+1 -> 44248 | AZ9: Số cần đặt sau điều chỉnh
J10: Usage per Mil | K10: Min | L10: Max | M10: Báo động | N10: Số cần đặt thêm | Q10: =Q6/$N$9 -> 1.0606061 | R10: =R6/$N$9 -> 1.0606061 | S10: =S6/$N$9 -> 0 | T10: =T6/$N$9 -> 0 | U10: =U6/$N$9 -> 0 | V10: =V6/$N$9 -> 0 | W10: =W6/$N$9 -> 0 | X10: =X6/$N$9 -> 0.90909091 | ... AK10: =AK6/$N$9 -> 1.5151515
K11: 1.2 | L11: 1.5
A12: 1 | H12: 3 | I12: 10 | J12: =IF(ISERROR(1000000*H12/$E$2),"",1000000*H12/$E$2) -> 0.3 | K12: =J12*$K$11*$N$9/1000000 -> 11.88 | L12: =J12*$L$11*$N$9/1000000 -> 14.85 | M12: =IF(I12<K12,"Cần order thêm",IF(I12>L12,"Quá nhiều hàng tồn","")) -> Cần order thêm | N12: =IF(M12="Cần order thêm",L12-I12,"") -> 4.85 | Q12: =$N12*$Q$10 -> 5.1439394 | R12: =$N12*$R$10 -> 5.1439394 | S12: =$N12*$S$10 -> 0 | T12: =$N12*$T$10 -> 0 | U12: =$N12*$U$10 -> 0 | V12: =$N12*$V$10 -> 0 | W12: =$N12*$W$10 -> 0 | X12: =$N12*$X$10 -> 4.4090909 | Y12: =$N12*$Y$10 -> 4.4090909 | Z12: =$N12*$Z$10 -> 4.4090909 | AA12: =$N12*$AA$10 -> 6.6136364 | AB12: =$N12*$AB$10 -> 6.6136364 | AC12: =$N12*$AC$10 -> 10.287879 | AD12: =$N12*$AD$10 -> 10.287879 | AE12: =$N12*$AE$10 -> 10.287879 | AF12: =$N12*$AF$10 -> 8.8181818 | AG12: =$N12*$AG$10 -> 5.8787879 | AH12: =$N12*$AH$10 -> 5.8787879 | AI12: =$N12*$AI$10 -> 8.8181818 | AJ12: =$N12*$AJ$10 -> 8.8181818 | AK12: =$N12*$AK$10 -> 7.3484848
A13: =A12+1 -> 2 | J13: =IF(ISERROR(1000000*H13/$E$2),"",1000000*H13/$E$2) -> 0 | K13: =J13*$K$11*$N$9/1000000 -> 0 | L13: =J13*$L$11*$N$9/1000000 -> 0 | M13: =IF(I13<K13,"Cần order thêm",IF(I13>L13,"Quá nhiều hàng tồn","")) | Q13: =$N13*$Q$10 -> 0 | R13: =$N13*$R$10 -> 0 | S13: =$N13*$S$10 -> 0 | T13: =$N13*$T$10 -> 0 | U13: =$N13*$U$10 -> 0 | V13: =$N13*$V$10 -> 0 | W13: =$N13*$W$10 -> 0 | X13: =$N13*$X$10 -> 0 | Y13: =$N13*$Y$10 -> 0 | Z13: =$N13*$Z$10 -> 0 | AA13: =$N13*$AA$10 -> 0 | AB13: =$N13*$AB$10 -> 0 | AC13: =$N13*$AC$10 -> 0 | AD13: =$N13*$AD$10 -> 0 | AE13: =$N13*$AE$10 -> 0 | AF13: =$N13*$AF$10 -> 0 | AG13: =$N13*$AG$10 -> 0 | AH13: =$N13*$AH$10 -> 0 | AI13: =$N13*$AI$10 -> 0 | AJ13: =$N13*$AJ$10 -> 0 | AK13: =$N13*$AK$10 -> 0
A14: =A13+1 -> 3 | J14: =IF(ISERROR(1000000*H14/$E$2),"",1000000*H14/$E$2) -> 0 | K14: =J14*$K$11*$N$9/1000000 -> 0 | L14: =J14*$L$11*$N$9/1000000 -> 0 | M14: =IF(I14<K14,"Cần order thêm",IF(I14>L14,"Quá nhiều hàng tồn","")) | Q14: =$N14*$Q$10 -> 0 | R14: =$N14*$R$10 -> 0 | S14: =$N14*$S$10 -> 0 | T14: =$N14*$T$10 -> 0 | U14: =$N14*$U$10 -> 0 | V14: =$N14*$V$10 -> 0 | W14: =$N14*$W$10 -> 0 | X14: =$N14*$X$10 -> 0 | Y14: =$N14*$Y$10 -> 0 | Z14: =$N14*$Z$10 -> 0 | AA14: =$N14*$AA$10 -> 0 | AB14: =$N14*$AB$10 -> 0 | AC14: =$N14*$AC$10 -> 0 | AD14: =$N14*$AD$10 -> 0 | AE14: =$N14*$AE$10 -> 0 | AF14: =$N14*$AF$10 -> 0 | AG14: =$N14*$AG$10 -> 0 | AH14: =$N14*$AH$10 -> 0 | AI14: =$N14*$AI$10 -> 0 | AJ14: =$N14*$AJ$10 -> 0 | AK14: =$N14*$AK$10 -> 0
A15: =A14+1 -> 4 | J15: =IF(ISERROR(1000000*H15/$E$2),"",1000000*H15/$E$2) -> 0 | K15: =J15*$K$11*$N$9/1000000 -> 0 | L15: =J15*$L$11*$N$9/1000000 -> 0 | M15: =IF(I15<K15,"Cần order thêm",IF(I15>L15,"Quá nhiều hàng tồn","")) | Q15: =$N15*$Q$10 -> 0 | R15: =$N15*$R$10 -> 0 | S15: =$N15*$S$10 -> 0 | T15: =$N15*$T$10 -> 0 | U15: =$N15*$U$10 -> 0 | V15: =$N15*$V$10 -> 0 | W15: =$N15*$W$10 -> 0 | X15: =$N15*$X$10 -> 0 | Y15: =$N15*$Y$10 -> 0 | Z15: =$N15*$Z$10 -> 0 | AA15: =$N15*$AA$10 -> 0 | AB15: =$N15*$AB$10 -> 0 | AC15: =$N15*$AC$10 -> 0 | AD15: =$N15*$AD$10 -> 0 | AE15: =$N15*$AE$10 -> 0 | AF15: =$N15*$AF$10 -> 0 | AG15: =$N15*$AG$10 -> 0 | AH15: =$N15*$AH$10 -> 0 | AI15: =$N15*$AI$10 -> 0 | AJ15: =$N15*$AJ$10 -> 0 | AK15: =$N15*$AK$10 -> 0
A16: =A15+1 -> 5 | J16: =IF(ISERROR(1000000*H16/$E$2),"",1000000*H16/$E$2) -> 0 | K16: =J16*$K$11*$N$9/1000000 -> 0 | L16: =J16*$L$11*$N$9/1000000 -> 0 | M16: =IF(I16<K16,"Cần order thêm",IF(I16>L16,"Quá nhiều hàng tồn","")) | Q16: =$N16*$Q$10 -> 0 | R16: =$N16*$R$10 -> 0 | S16: =$N16*$S$10 -> 0 | T16: =$N16*$T$10 -> 0 | U16: =$N16*$U$10 -> 0 | V16: =$N16*$V$10 -> 0 | W16: =$N16*$W$10 -> 0 | X16: =$N16*$X$10 -> 0 | Y16: =$N16*$Y$10 -> 0 | Z16: =$N16*$Z$10 -> 0 | AA16: =$N16*$AA$10 -> 0 | AB16: =$N16*$AB$10 -> 0 | AC16: =$N16*$AC$10 -> 0 | AD16: =$N16*$AD$10 -> 0 | AE16: =$N16*$AE$10 -> 0 | AF16: =$N16*$AF$10 -> 0 | AG16: =$N16*$AG$10 -> 0 | AH16: =$N16*$AH$10 -> 0 | AI16: =$N16*$AI$10 -> 0 | AJ16: =$N16*$AJ$10 -> 0 | AK16: =$N16*$AK$10 -> 0
A17: =A16+1 -> 6 | B17: Bev | C17: Công ty TNHH Thương Mại NH & KH | G17: 500000 | J17: =IF(ISERROR(1000000*H17/$E$2),"",1000000*H17/$E$2) -> 0 | K17: =J17*$K$11*$N$9/1000000 -> 0 | L17: =J17*$L$11*$N$9/1000000 -> 0 | M17: =IF(I17<K17,"Cần order thêm",IF(I17>L17,"Quá nhiều hàng tồn","")) | N17: =IF(M17="Cần order thêm",L17-I17,"") | Q17: =$N17*$Q$10 -> #VALUE! | R17: =$N17*$R$10 -> #VALUE! | S17: =$N17*$S$10 -> #VALUE! | T17: =$N17*$T$10 -> #VALUE! | U17: =$N17*$U$10 -> #VALUE! | V17: =$N17*$V$10 -> #VALUE! | W17: =$N17*$W$10 -> #VALUE! | X17: =$N17*$X$10 -> #VALUE! | Y17: =$N17*$Y$10 -> #VALUE! | Z17: =$N17*$Z$10 -> #VALUE! | AA17: =$N17*$AA$10 -> #VALUE! | AB17: =$N17*$AB$10 -> #VALUE! | AC17: =$N17*$AC$10 -> #VALUE! | AD17: =$N17*$AD$10 -> #VALUE! | AE17: =$N17*$AE$10 -> #VALUE! | AF17: =$N17*$AF$10 -> #VALUE! | AG17: =$N17*$AG$10 -> #VALUE! | AH17: =$N17*$AH$10 -> #VALUE! | AI17: =$N17*$AI$10 -> #VALUE! | AJ17: =$N17*$AJ$10 -> #VALUE! | AK17: =$N17*$AK$10 -> #VALUE!
A18: =A17+1 -> 7 | B18: Bev | C18: Công ty TNHH Thương Mại Và Dịch Vụ Lục Thủy Sài Gòn | G18: 2 Btl | J18: =IF(ISERROR(1000000*H18/$E$2),"",1000000*H18/$E$2) -> 0 | K18: =J18*$K$11*$N$9/1000000 -> 0 | L18: =J18*$L$11*$N$9/1000000 -> 0 | M18: =IF(I18<K18,"Cần order thêm",IF(I18>L18,"Quá nhiều hàng tồn","")) | N18: =IF(M18="Cần order thêm",L18-I18,"") | Q18: =$N18*$Q$10 -> #VALUE! | R18: =$N18*$R$10 -> #VALUE! | S18: =$N18*$S$10 -> #VALUE! | T18: =$N18*$T$10 -> #VALUE! | U18: =$N18*$U$10 -> #VALUE! | V18: =$N18*$V$10 -> #VALUE! | W18: =$N18*$W$10 -> #VALUE! | X18: =$N18*$X$10 -> #VALUE! | Y18: =$N18*$Y$10 -> #VALUE! | Z18: =$N18*$Z$10 -> #VALUE! | AA18: =$N18*$AA$10 -> #VALUE! | AB18: =$N18*$AB$10 -> #VALUE! | AC18: =$N18*$AC$10 -> #VALUE! | AD18: =$N18*$AD$10 -> #VALUE! | AE18: =$N18*$AE$10 -> #VALUE! | AF18: =$N18*$AF$10 -> #VALUE! | AG18: =$N18*$AG$10 -> #VALUE! | AH18: =$N18*$AH$10 -> #VALUE! | AI18: =$N18*$AI$10 -> #VALUE! | AJ18: =$N18*$AJ$10 -> #VALUE! | AK18: =$N18*$AK$10 -> #VALUE!
A19: =A18+1 -> 8 | B19: Other | C19: Công ty TNHH Sản Xuất và Thương Mại Hưng Long Phát | G19: Không yêu cầu | J19: =IF(ISERROR(1000000*H19/$E$2),"",1000000*H19/$E$2) -> 0 | K19: =J19*$K$11*$N$9/1000000 -> 0 | L19: =J19*$L$11*$N$9/1000000 -> 0 | M19: =IF(I19<K19,"Cần order thêm",IF(I19>L19,"Quá nhiều hàng tồn","")) | N19: =IF(M19="Cần order thêm",L19-I19,"") | Q19: =$N19*$Q$10 -> #VALUE! | R19: =$N19*$R$10 -> #VALUE! | S19: =$N19*$S$10 -> #VALUE! | T19: =$N19*$T$10 -> #VALUE! | U19: =$N19*$U$10 -> #VALUE! | V19: =$N19*$V$10 -> #VALUE! | W19: =$N19*$W$10 -> #VALUE! | X19: =$N19*$X$10 -> #VALUE! | Y19: =$N19*$Y$10 -> #VALUE! | Z19: =$N19*$Z$10 -> #VALUE! | AA19: =$N19*$AA$10 -> #VALUE! | AB19: =$N19*$AB$10 -> #VALUE! | AC19: =$N19*$AC$10 -> #VALUE! | AD19: =$N19*$AD$10 -> #VALUE! | AE19: =$N19*$AE$10 -> #VALUE! | AF19: =$N19*$AF$10 -> #VALUE! | AG19: =$N19*$AG$10 -> #VALUE! | AH19: =$N19*$AH$10 -> #VALUE! | AI19: =$N19*$AI$10 -> #VALUE! | AJ19: =$N19*$AJ$10 -> #VALUE! | AK19: =$N19*$AK$10 -> #VALUE!
A20: =A19+1 -> 9 | B20: Packaging | G20: 501 pcs | J20: =IF(ISERROR(1000000*H20/$E$2),"",1000000*H20/$E$2) -> 0 | K20: =J20*$K$11*$N$9/1000000 -> 0 | L20: =J20*$L$11*$N$9/1000000 -> 0 | M20: =IF(I20<K20,"Cần order thêm",IF(I20>L20,"Quá nhiều hàng tồn","")) | N20: =IF(M20="Cần order thêm",L20-I20,"") | Q20: =$N20*$Q$10 -> #VALUE! | R20: =$N20*$R$10 -> #VALUE! | S20: =$N20*$S$10 -> #VALUE! | T20: =$N20*$T$10 -> #VALUE! | U20: =$N20*$U$10 -> #VALUE! | V20: =$N20*$V$10 -> #VALUE! | W20: =$N20*$W$10 -> #VALUE! | X20: =$N20*$X$10 -> #VALUE! | Y20: =$N20*$Y$10 -> #VALUE! | Z20: =$N20*$Z$10 -> #VALUE! | AA20: =$N20*$AA$10 -> #VALUE! | AB20: =$N20*$AB$10 -> #VALUE! | AC20: =$N20*$AC$10 -> #VALUE! | AD20: =$N20*$AD$10 -> #VALUE! | AE20: =$N20*$AE$10 -> #VALUE! | AF20: =$N20*$AF$10 -> #VALUE! | AG20: =$N20*$AG$10 -> #VALUE! | AH20: =$N20*$AH$10 -> #VALUE! | AI20: =$N20*$AI$10 -> #VALUE! | AJ20: =$N20*$AJ$10 -> #VALUE! | AK20: =$N20*$AK$10 -> #VALUE!
A21: =A20+1 -> 10 | B21: Packaging | G21: 5000 psc | J21: =IF(ISERROR(1000000*H21/$E$2),"",1000000*H21/$E$2) -> 0 | K21: =J21*$K$11*$N$9/1000000 -> 0 | L21: =J21*$L$11*$N$9/1000000 -> 0 | M21: =IF(I21<K21,"Cần order thêm",IF(I21>L21,"Quá nhiều hàng tồn","")) | N21: =IF(M21="Cần order thêm",L21-I21,"") | Q21: =$N21*$Q$10 -> #VALUE! | R21: =$N21*$R$10 -> #VALUE! | S21: =$N21*$S$10 -> #VALUE! | T21: =$N21*$T$10 -> #VALUE! | U21: =$N21*$U$10 -> #VALUE! | V21: =$N21*$V$10 -> #VALUE! | W21: =$N21*$W$10 -> #VALUE! | X21: =$N21*$X$10 -> #VALUE! | Y21: =$N21*$Y$10 -> #VALUE! | Z21: =$N21*$Z$10 -> #VALUE! | AA21: =$N21*$AA$10 -> #VALUE! | AB21: =$N21*$AB$10 -> #VALUE! | AC21: =$N21*$AC$10 -> #VALUE! | AD21: =$N21*$AD$10 -> #VALUE! | AE21: =$N21*$AE$10 -> #VALUE! | AF21: =$N21*$AF$10 -> #VALUE! | AG21: =$N21*$AG$10 -> #VALUE! | AH21: =$N21*$AH$10 -> #VALUE! | AI21: =$N21*$AI$10 -> #VALUE! | AJ21: =$N21*$AJ$10 -> #VALUE! | AK21: =$N21*$AK$10 -> #VALUE!
A22: =A21+1 -> 11 | B22: Packaging | G22: 500 pcs | J22: =IF(ISERROR(1000000*H22/$E$2),"",1000000*H22/$E$2) -> 0 | K22: =J22*$K$11*$N$9/1000000 -> 0 | L22: =J22*$L$11*$N$9/1000000 -> 0 | M22: =IF(I22<K22,"Cần order thêm",IF(I22>L22,"Quá nhiều hàng tồn","")) | N22: =IF(M22="Cần order thêm",L22-I22,"") | Q22: =$N22*$Q$10 -> #VALUE! | R22: =$N22*$R$10 -> #VALUE! | S22: =$N22*$S$10 -> #VALUE! | T22: =$N22*$T$10 -> #VALUE! | U22: =$N22*$U$10 -> #VALUE! | V22: =$N22*$V$10 -> #VALUE! | W22: =$N22*$W$10 -> #VALUE! | X22: =$N22*$X$10 -> #VALUE! | Y22: =$N22*$Y$10 -> #VALUE! | Z22: =$N22*$Z$10 -> #VALUE! | AA22: =$N22*$AA$10 -> #VALUE! | AB22: =$N22*$AB$10 -> #VALUE! | AC22: =$N22*$AC$10 -> #VALUE! | AD22: =$N22*$AD$10 -> #VALUE! | AE22: =$N22*$AE$10 -> #VALUE! | AF22: =$N22*$AF$10 -> #VALUE! | AG22: =$N22*$AG$10 -> #VALUE! | AH22: =$N22*$AH$10 -> #VALUE! | AI22: =$N22*$AI$10 -> #VALUE! | AJ22: =$N22*$AJ$10 -> #VALUE! | AK22: =$N22*$AK$10 -> #VALUE!
A23: =A22+1 -> 12 | B23: Packaging | G23: 5000 psc | J23: =IF(ISERROR(1000000*H23/$E$2),"",1000000*H23/$E$2) -> 0 | K23: =J23*$K$11*$N$9/1000000 -> 0 | L23: =J23*$L$11*$N$9/1000000 -> 0 | M23: =IF(I23<K23,"Cần order thêm",IF(I23>L23,"Quá nhiều hàng tồn","")) | N23: =IF(M23="Cần order thêm",L23-I23,"") | Q23: =$N23*$Q$10 -> #VALUE! | R23: =$N23*$R$10 -> #VALUE! | S23: =$N23*$S$10 -> #VALUE! | T23: =$N23*$T$10 -> #VALUE! | U23: =$N23*$U$10 -> #VALUE! | V23: =$N23*$V$10 -> #VALUE! | W23: =$N23*$W$10 -> #VALUE! | X23: =$N23*$X$10 -> #VALUE! | Y23: =$N23*$Y$10 -> #VALUE! | Z23: =$N23*$Z$10 -> #VALUE! | AA23: =$N23*$AA$10 -> #VALUE! | AB23: =$N23*$AB$10 -> #VALUE! | AC23: =$N23*$AC$10 -> #VALUE! | AD23: =$N23*$AD$10 -> #VALUE! | AE23: =$N23*$AE$10 -> #VALUE! | AF23: =$N23*$AF$10 -> #VALUE! | AG23: =$N23*$AG$10 -> #VALUE! | AH23: =$N23*$AH$10 -> #VALUE! | AI23: =$N23*$AI$10 -> #VALUE! | AJ23: =$N23*$AJ$10 -> #VALUE! | AK23: =$N23*$AK$10 -> #VALUE!
A24: =A23+1 -> 13 | B24: Packaging | G24: 100 Pcs | J24: =IF(ISERROR(1000000*H24/$E$2),"",1000000*H24/$E$2) -> 0 | K24: =J24*$K$11*$N$9/1000000 -> 0 | L24: =J24*$L$11*$N$9/1000000 -> 0 | M24: =IF(I24<K24,"Cần order thêm",IF(I24>L24,"Quá nhiều hàng tồn","")) | N24: =IF(M24="Cần order thêm",L24-I24,"") | Q24: =$N24*$Q$10 -> #VALUE! | R24: =$N24*$R$10 -> #VALUE! | S24: =$N24*$S$10 -> #VALUE! | T24: =$N24*$T$10 -> #VALUE! | U24: =$N24*$U$10 -> #VALUE! | V24: =$N24*$V$10 -> #VALUE! | W24: =$N24*$W$10 -> #VALUE! | X24: =$N24*$X$10 -> #VALUE! | Y24: =$N24*$Y$10 -> #VALUE! | Z24: =$N24*$Z$10 -> #VALUE! | AA24: =$N24*$AA$10 -> #VALUE! | AB24: =$N24*$AB$10 -> #VALUE! | AC24: =$N24*$AC$10 -> #VALUE! | AD24: =$N24*$AD$10 -> #VALUE! | AE24: =$N24*$AE$10 -> #VALUE! | AF24: =$N24*$AF$10 -> #VALUE! | AG24: =$N24*$AG$10 -> #VALUE! | AH24: =$N24*$AH$10 -> #VALUE! | AI24: =$N24*$AI$10 -> #VALUE! | AJ24: =$N24*$AJ$10 -> #VALUE! | AK24: =$N24*$AK$10 -> #VALUE!
A25: =A24+1 -> 14 | B25: Packaging | G25: 500000 | J25: =IF(ISERROR(1000000*H25/$E$2),"",1000000*H25/$E$2) -> 0 | K25: =J25*$K$11*$N$9/1000000 -> 0 | L25: =J25*$L$11*$N$9/1000000 -> 0 | M25: =IF(I25<K25,"Cần order thêm",IF(I25>L25,"Quá nhiều hàng tồn","")) | N25: =IF(M25="Cần order thêm",L25-I25,"") | Q25: =$N25*$Q$10 -> #VALUE! | R25: =$N25*$R$10 -> #VALUE! | S25: =$N25*$S$10 -> #VALUE! | T25: =$N25*$T$10 -> #VALUE! | U25: =$N25*$U$10 -> #VALUE! | V25: =$N25*$V$10 -> #VALUE! | W25: =$N25*$W$10 -> #VALUE! | X25: =$N25*$X$10 -> #VALUE! | Y25: =$N25*$Y$10 -> #VALUE! | Z25: =$N25*$Z$10 -> #VALUE! | AA25: =$N25*$AA$10 -> #VALUE! | AB25: =$N25*$AB$10 -> #VALUE! | AC25: =$N25*$AC$10 -> #VALUE! | AD25: =$N25*$AD$10 -> #VALUE! | AE25: =$N25*$AE$10 -> #VALUE! | AF25: =$N25*$AF$10 -> #VALUE! | AG25: =$N25*$AG$10 -> #VALUE! | AH25: =$N25*$AH$10 -> #VALUE! | AI25: =$N25*$AI$10 -> #VALUE! | AJ25: =$N25*$AJ$10 -> #VALUE! | AK25: =$N25*$AK$10 -> #VALUE!
A26: =A25+1 -> 15 | B26: Packaging | G26: 500000 | J26: =IF(ISERROR(1000000*H26/$E$2),"",1000000*H26/$E$2) -> 0 | K26: =J26*$K$11*$N$9/1000000 -> 0 | L26: =J26*$L$11*$N$9/1000000 -> 0 | M26: =IF(I26<K26,"Cần order thêm",IF(I26>L26,"Quá nhiều hàng tồn","")) | N26: =IF(M26="Cần order thêm",L26-I26,"") | Q26: =$N26*$Q$10 -> #VALUE! | R26: =$N26*$R$10 -> #VALUE! | S26: =$N26*$S$10 -> #VALUE! | T26: =$N26*$T$10 -> #VALUE! | U26: =$N26*$U$10 -> #VALUE! | V26: =$N26*$V$10 -> #VALUE! | W26: =$N26*$W$10 -> #VALUE! | X26: =$N26*$X$10 -> #VALUE! | Y26: =$N26*$Y$10 -> #VALUE! | Z26: =$N26*$Z$10 -> #VALUE! | AA26: =$N26*$AA$10 -> #VALUE! | AB26: =$N26*$AB$10 -> #VALUE! | AC26: =$N26*$AC$10 -> #VALUE! | AD26: =$N26*$AD$10 -> #VALUE! | AE26: =$N26*$AE$10 -> #VALUE! | AF26: =$N26*$AF$10 -> #VALUE! | AG26: =$N26*$AG$10 -> #VALUE! | AH26: =$N26*$AH$10 -> #VALUE! | AI26: =$N26*$AI$10 -> #VALUE! | AJ26: =$N26*$AJ$10 -> #VALUE! | AK26: =$N26*$AK$10 -> #VALUE!
A27: =A26+1 -> 16 | B27: Packaging | G27: 500000 | J27: =IF(ISERROR(1000000*H27/$E$2),"",1000000*H27/$E$2) -> 0 | K27: =J27*$K$11*$N$9/1000000 -> 0 | L27: =J27*$L$11*$N$9/1000000 -> 0 | M27: =IF(I27<K27,"Cần order thêm",IF(I27>L27,"Quá nhiều hàng tồn","")) | N27: =IF(M27="Cần order thêm",L27-I27,"") | Q27: =$N27*$Q$10 -> #VALUE! | R27: =$N27*$R$10 -> #VALUE! | S27: =$N27*$S$10 -> #VALUE! | T27: =$N27*$T$10 -> #VALUE! | U27: =$N27*$U$10 -> #VALUE! | V27: =$N27*$V$10 -> #VALUE! | W27: =$N27*$W$10 -> #VALUE! | X27: =$N27*$X$10 -> #VALUE! | Y27: =$N27*$Y$10 -> #VALUE! | Z27: =$N27*$Z$10 -> #VALUE! | AA27: =$N27*$AA$10 -> #VALUE! | AB27: =$N27*$AB$10 -> #VALUE! | AC27: =$N27*$AC$10 -> #VALUE! | AD27: =$N27*$AD$10 -> #VALUE! | AE27: =$N27*$AE$10 -> #VALUE! | AF27: =$N27*$AF$10 -> #VALUE! | AG27: =$N27*$AG$10 -> #VALUE! | AH27: =$N27*$AH$10 -> #VALUE! | AI27: =$N27*$AI$10 -> #VALUE! | AJ27: =$N27*$AJ$10 -> #VALUE! | AK27: =$N27*$AK$10 -> #VALUE!
A28: =A27+1 -> 17 | B28: Packaging | G28: 5000 psc | J28: =IF(ISERROR(1000000*H28/$E$2),"",1000000*H28/$E$2) -> 0 | K28: =J28*$K$11*$N$9/1000000 -> 0 | L28: =J28*$L$11*$N$9/1000000 -> 0 | M28: =IF(I28<K28,"Cần order thêm",IF(I28>L28,"Quá nhiều hàng tồn","")) | N28: =IF(M28="Cần order thêm",L28-I28,"") | Q28: =$N28*$Q$10 -> #VALUE! | R28: =$N28*$R$10 -> #VALUE! | S28: =$N28*$S$10 -> #VALUE! | T28: =$N28*$T$10 -> #VALUE! | U28: =$N28*$U$10 -> #VALUE! | V28: =$N28*$V$10 -> #VALUE! | W28: =$N28*$W$10 -> #VALUE! | X28: =$N28*$X$10 -> #VALUE! | Y28: =$N28*$Y$10 -> #VALUE! | Z28: =$N28*$Z$10 -> #VALUE! | AA28: =$N28*$AA$10 -> #VALUE! | AB28: =$N28*$AB$10 -> #VALUE! | AC28: =$N28*$AC$10 -> #VALUE! | AD28: =$N28*$AD$10 -> #VALUE! | AE28: =$N28*$AE$10 -> #VALUE! | AF28: =$N28*$AF$10 -> #VALUE! | AG28: =$N28*$AG$10 -> #VALUE! | AH28: =$N28*$AH$10 -> #VALUE! | AI28: =$N28*$AI$10 -> #VALUE! | AJ28: =$N28*$AJ$10 -> #VALUE! | AK28: =$N28*$AK$10 -> #VALUE!
A29: =A28+1 -> 18 | B29: Packaging | G29: Không yêu cầu | J29: =IF(ISERROR(1000000*H29/$E$2),"",1000000*H29/$E$2) -> 0 | K29: =J29*$K$11*$N$9/1000000 -> 0 | L29: =J29*$L$11*$N$9/1000000 -> 0 | M29: =IF(I29<K29,"Cần order thêm",IF(I29>L29,"Quá nhiều hàng tồn","")) | N29: =IF(M29="Cần order thêm",L29-I29,"") | Q29: =$N29*$Q$10 -> #VALUE! | R29: =$N29*$R$10 -> #VALUE! | S29: =$N29*$S$10 -> #VALUE! | T29: =$N29*$T$10 -> #VALUE! | U29: =$N29*$U$10 -> #VALUE! | V29: =$N29*$V$10 -> #VALUE! | W29: =$N29*$W$10 -> #VALUE! | X29: =$N29*$X$10 -> #VALUE! | Y29: =$N29*$Y$10 -> #VALUE! | Z29: =$N29*$Z$10 -> #VALUE! | AA29: =$N29*$AA$10 -> #VALUE! | AB29: =$N29*$AB$10 -> #VALUE! | AC29: =$N29*$AC$10 -> #VALUE! | AD29: =$N29*$AD$10 -> #VALUE! | AE29: =$N29*$AE$10 -> #VALUE! | AF29: =$N29*$AF$10 -> #VALUE! | AG29: =$N29*$AG$10 -> #VALUE! | AH29: =$N29*$AH$10 -> #VALUE! | AI29: =$N29*$AI$10 -> #VALUE! | AJ29: =$N29*$AJ$10 -> #VALUE! | AK29: =$N29*$AK$10 -> #VALUE!
A30: =A29+1 -> 19 | B30: Packaging | G30: Không yêu cầu | J30: =IF(ISERROR(1000000*H30/$E$2),"",1000000*H30/$E$2) -> 0 | K30: =J30*$K$11*$N$9/1000000 -> 0 | L30: =J30*$L$11*$N$9/1000000 -> 0 | M30: =IF(I30<K30,"Cần order thêm",IF(I30>L30,"Quá nhiều hàng tồn","")) | N30: =IF(M30="Cần order thêm",L30-I30,"") | Q30: =$N30*$Q$10 -> #VALUE! | R30: =$N30*$R$10 -> #VALUE! | S30: =$N30*$S$10 -> #VALUE! | T30: =$N30*$T$10 -> #VALUE! | U30: =$N30*$U$10 -> #VALUE! | V30: =$N30*$V$10 -> #VALUE! | W30: =$N30*$W$10 -> #VALUE! | X30: =$N30*$X$10 -> #VALUE! | Y30: =$N30*$Y$10 -> #VALUE! | Z30: =$N30*$Z$10 -> #VALUE! | AA30: =$N30*$AA$10 -> #VALUE! | AB30: =$N30*$AB$10 -> #VALUE! | AC30: =$N30*$AC$10 -> #VALUE! | AD30: =$N30*$AD$10 -> #VALUE! | AE30: =$N30*$AE$10 -> #VALUE! | AF30: =$N30*$AF$10 -> #VALUE! | AG30: =$N30*$AG$10 -> #VALUE! | AH30: =$N30*$AH$10 -> #VALUE! | AI30: =$N30*$AI$10 -> #VALUE! | AJ30: =$N30*$AJ$10 -> #VALUE! | AK30: =$N30*$AK$10 -> #VALUE!
A31: =A30+1 -> 20 | B31: Packaging | G31: Không yêu cầu | J31: =IF(ISERROR(1000000*H31/$E$2),"",1000000*H31/$E$2) -> 0 | K31: =J31*$K$11*$N$9/1000000 -> 0 | L31: =J31*$L$11*$N$9/1000000 -> 0 | M31: =IF(I31<K31,"Cần order thêm",IF(I31>L31,"Quá nhiều hàng tồn","")) | N31: =IF(M31="Cần order thêm",L31-I31,"") | Q31: =$N31*$Q$10 -> #VALUE! | R31: =$N31*$R$10 -> #VALUE! | S31: =$N31*$S$10 -> #VALUE! | T31: =$N31*$T$10 -> #VALUE! | U31: =$N31*$U$10 -> #VALUE! | V31: =$N31*$V$10 -> #VALUE! | W31: =$N31*$W$10 -> #VALUE! | X31: =$N31*$X$10 -> #VALUE! | Y31: =$N31*$Y$10 -> #VALUE! | Z31: =$N31*$Z$10 -> #VALUE! | AA31: =$N31*$AA$10 -> #VALUE! | AB31: =$N31*$AB$10 -> #VALUE! | AC31: =$N31*$AC$10 -> #VALUE! | AD31: =$N31*$AD$10 -> #VALUE! | AE31: =$N31*$AE$10 -> #VALUE! | AF31: =$N31*$AF$10 -> #VALUE! | AG31: =$N31*$AG$10 -> #VALUE! | AH31: =$N31*$AH$10 -> #VALUE! | AI31: =$N31*$AI$10 -> #VALUE! | AJ31: =$N31*$AJ$10 -> #VALUE! | AK31: =$N31*$AK$10 -> #VALUE!
A32: =A31+1 -> 21 | B32: Packaging | G32: Không yêu cầu | J32: =IF(ISERROR(1000000*H32/$E$2),"",1000000*H32/$E$2) -> 0 | K32: =J32*$K$11*$N$9/1000000 -> 0 | L32: =J32*$L$11*$N$9/1000000 -> 0 | M32: =IF(I32<K32,"Cần order thêm",IF(I32>L32,"Quá nhiều hàng tồn","")) | N32: =IF(M32="Cần order thêm",L32-I32,"") | Q32: =$N32*$Q$10 -> #VALUE! | R32: =$N32*$R$10 -> #VALUE! | S32: =$N32*$S$10 -> #VALUE! | T32: =$N32*$T$10 -> #VALUE! | U32: =$N32*$U$10 -> #VALUE! | V32: =$N32*$V$10 -> #VALUE! | W32: =$N32*$W$10 -> #VALUE! | X32: =$N32*$X$10 -> #VALUE! | Y32: =$N32*$Y$10 -> #VALUE! | Z32: =$N32*$Z$10 -> #VALUE! | AA32: =$N32*$AA$10 -> #VALUE! | AB32: =$N32*$AB$10 -> #VALUE! | AC32: =$N32*$AC$10 -> #VALUE! | AD32: =$N32*$AD$10 -> #VALUE! | AE32: =$N32*$AE$10 -> #VALUE! | AF32: =$N32*$AF$10 -> #VALUE! | AG32: =$N32*$AG$10 -> #VALUE! | AH32: =$N32*$AH$10 -> #VALUE! | AI32: =$N32*$AI$10 -> #VALUE! | AJ32: =$N32*$AJ$10 -> #VALUE! | AK32: =$N32*$AK$10 -> #VALUE!
A33: =A32+1 -> 22 | B33: Packaging | G33: 5kg | J33: =IF(ISERROR(1000000*H33/$E$2),"",1000000*H33/$E$2) -> 0 | K33: =J33*$K$11*$N$9/1000000 -> 0 | L33: =J33*$L$11*$N$9/1000000 -> 0 | M33: =IF(I33<K33,"Cần order thêm",IF(I33>L33,"Quá nhiều hàng tồn","")) | N33: =IF(M33="Cần order thêm",L33-I33,"") | Q33: =$N33*$Q$10 -> #VALUE! | R33: =$N33*$R$10 -> #VALUE! | S33: =$N33*$S$10 -> #VALUE! | T33: =$N33*$T$10 -> #VALUE! | U33: =$N33*$U$10 -> #VALUE! | V33: =$N33*$V$10 -> #VALUE! | W33: =$N33*$W$10 -> #VALUE! | X33: =$N33*$X$10 -> #VALUE! | Y33: =$N33*$Y$10 -> #VALUE! | Z33: =$N33*$Z$10 -> #VALUE! | AA33: =$N33*$AA$10 -> #VALUE! | AB33: =$N33*$AB$10 -> #VALUE! | AC33: =$N33*$AC$10 -> #VALUE! | AD33: =$N33*$AD$10 -> #VALUE! | AE33: =$N33*$AE$10 -> #VALUE! | AF33: =$N33*$AF$10 -> #VALUE! | AG33: =$N33*$AG$10 -> #VALUE! | AH33: =$N33*$AH$10 -> #VALUE! | AI33: =$N33*$AI$10 -> #VALUE! | AJ33: =$N33*$AJ$10 -> #VALUE! | AK33: =$N33*$AK$10 -> #VALUE!
A34: =A33+1 -> 23 | B34: Packaging | G34: 5kg | J34: =IF(ISERROR(1000000*H34/$E$2),"",1000000*H34/$E$2) -> 0 | K34: =J34*$K$11*$N$9/1000000 -> 0 | L34: =J34*$L$11*$N$9/1000000 -> 0 | M34: =IF(I34<K34,"Cần order thêm",IF(I34>L34,"Quá nhiều hàng tồn","")) | N34: =IF(M34="Cần order thêm",L34-I34,"") | Q34: =$N34*$Q$10 -> #VALUE! | R34: =$N34*$R$10 -> #VALUE! | S34: =$N34*$S$10 -> #VALUE! | T34: =$N34*$T$10 -> #VALUE! | U34: =$N34*$U$10 -> #VALUE! | V34: =$N34*$V$10 -> #VALUE! | W34: =$N34*$W$10 -> #VALUE! | X34: =$N34*$X$10 -> #VALUE! | Y34: =$N34*$Y$10 -> #VALUE! | Z34: =$N34*$Z$10 -> #VALUE! | AA34: =$N34*$AA$10 -> #VALUE! | AB34: =$N34*$AB$10 -> #VALUE! | AC34: =$N34*$AC$10 -> #VALUE! | AD34: =$N34*$AD$10 -> #VALUE! | AE34: =$N34*$AE$10 -> #VALUE! | AF34: =$N34*$AF$10 -> #VALUE! | AG34: =$N34*$AG$10 -> #VALUE! | AH34: =$N34*$AH$10 -> #VALUE! | AI34: =$N34*$AI$10 -> #VALUE! | AJ34: =$N34*$AJ$10 -> #VALUE! | AK34: =$N34*$AK$10 -> #VALUE!
A35: =A34+1 -> 24 | B35: Packaging | G35: 5kg | J35: =IF(ISERROR(1000000*H35/$E$2),"",1000000*H35/$E$2) -> 0 | K35: =J35*$K$11*$N$9/1000000 -> 0 | L35: =J35*$L$11*$N$9/1000000 -> 0 | M35: =IF(I35<K35,"Cần order thêm",IF(I35>L35,"Quá nhiều hàng tồn","")) | N35: =IF(M35="Cần order thêm",L35-I35,"") | Q35: =$N35*$Q$10 -> #VALUE! | R35: =$N35*$R$10 -> #VALUE! | S35: =$N35*$S$10 -> #VALUE! | T35: =$N35*$T$10 -> #VALUE! | U35: =$N35*$U$10 -> #VALUE! | V35: =$N35*$V$10 -> #VALUE! | W35: =$N35*$W$10 -> #VALUE! | X35: =$N35*$X$10 -> #VALUE! | Y35: =$N35*$Y$10 -> #VALUE! | Z35: =$N35*$Z$10 -> #VALUE! | AA35: =$N35*$AA$10 -> #VALUE! | AB35: =$N35*$AB$10 -> #VALUE! | AC35: =$N35*$AC$10 -> #VALUE! | AD35: =$N35*$AD$10 -> #VALUE! | AE35: =$N35*$AE$10 -> #VALUE! | AF35: =$N35*$AF$10 -> #VALUE! | AG35: =$N35*$AG$10 -> #VALUE! | AH35: =$N35*$AH$10 -> #VALUE! | AI35: =$N35*$AI$10 -> #VALUE! | AJ35: =$N35*$AJ$10 -> #VALUE! | AK35: =$N35*$AK$10 -> #VALUE!
A36: =A35+1 -> 25 | B36: Consumable | G36: 2 Btl | J36: =IF(ISERROR(1000000*H36/$E$2),"",1000000*H36/$E$2) -> 0 | K36: =J36*$K$11*$N$9/1000000 -> 0 | L36: =J36*$L$11*$N$9/1000000 -> 0 | M36: =IF(I36<K36,"Cần order thêm",IF(I36>L36,"Quá nhiều hàng tồn","")) | N36: =IF(M36="Cần order thêm",L36-I36,"") | Q36: =$N36*$Q$10 -> #VALUE! | R36: =$N36*$R$10 -> #VALUE! | S36: =$N36*$S$10 -> #VALUE! | T36: =$N36*$T$10 -> #VALUE! | U36: =$N36*$U$10 -> #VALUE! | V36: =$N36*$V$10 -> #VALUE! | W36: =$N36*$W$10 -> #VALUE! | X36: =$N36*$X$10 -> #VALUE! | Y36: =$N36*$Y$10 -> #VALUE! | Z36: =$N36*$Z$10 -> #VALUE! | AA36: =$N36*$AA$10 -> #VALUE! | AB36: =$N36*$AB$10 -> #VALUE! | AC36: =$N36*$AC$10 -> #VALUE! | AD36: =$N36*$AD$10 -> #VALUE! | AE36: =$N36*$AE$10 -> #VALUE! | AF36: =$N36*$AF$10 -> #VALUE! | AG36: =$N36*$AG$10 -> #VALUE! | AH36: =$N36*$AH$10 -> #VALUE! | AI36: =$N36*$AI$10 -> #VALUE! | AJ36: =$N36*$AJ$10 -> #VALUE! | AK36: =$N36*$AK$10 -> #VALUE!
A37: =A36+1 -> 26 | B37: Consumable | G37: 1000 Pcs | J37: =IF(ISERROR(1000000*H37/$E$2),"",1000000*H37/$E$2) -> 0 | K37: =J37*$K$11*$N$9/1000000 -> 0 | L37: =J37*$L$11*$N$9/1000000 -> 0 | M37: =IF(I37<K37,"Cần order thêm",IF(I37>L37,"Quá nhiều hàng tồn","")) | N37: =IF(M37="Cần order thêm",L37-I37,"") | Q37: =$N37*$Q$10 -> #VALUE! | R37: =$N37*$R$10 -> #VALUE! | S37: =$N37*$S$10 -> #VALUE! | T37: =$N37*$T$10 -> #VALUE! | U37: =$N37*$U$10 -> #VALUE! | V37: =$N37*$V$10 -> #VALUE! | W37: =$N37*$W$10 -> #VALUE! | X37: =$N37*$X$10 -> #VALUE! | Y37: =$N37*$Y$10 -> #VALUE! | Z37: =$N37*$Z$10 -> #VALUE! | AA37: =$N37*$AA$10 -> #VALUE! | AB37: =$N37*$AB$10 -> #VALUE! | AC37: =$N37*$AC$10 -> #VALUE! | AD37: =$N37*$AD$10 -> #VALUE! | AE37: =$N37*$AE$10 -> #VALUE! | AF37: =$N37*$AF$10 -> #VALUE! | AG37: =$N37*$AG$10 -> #VALUE! | AH37: =$N37*$AH$10 -> #VALUE! | AI37: =$N37*$AI$10 -> #VALUE! | AJ37: =$N37*$AJ$10 -> #VALUE! | AK37: =$N37*$AK$10 -> #VALUE!
A38: =A37+1 -> 27 | B38: Consumable | G38: 1000 pcs | J38: =IF(ISERROR(1000000*H38/$E$2),"",1000000*H38/$E$2) -> 0 | K38: =J38*$K$11*$N$9/1000000 -> 0 | L38: =J38*$L$11*$N$9/1000000 -> 0 | M38: =IF(I38<K38,"Cần order thêm",IF(I38>L38,"Quá nhiều hàng tồn","")) | N38: =IF(M38="Cần order thêm",L38-I38,"") | Q38: =$N38*$Q$10 -> #VALUE! | R38: =$N38*$R$10 -> #VALUE! | S38: =$N38*$S$10 -> #VALUE! | T38: =$N38*$T$10 -> #VALUE! | U38: =$N38*$U$10 -> #VALUE! | V38: =$N38*$V$10 -> #VALUE! | W38: =$N38*$W$10 -> #VALUE! | X38: =$N38*$X$10 -> #VALUE! | Y38: =$N38*$Y$10 -> #VALUE! | Z38: =$N38*$Z$10 -> #VALUE! | AA38: =$N38*$AA$10 -> #VALUE! | AB38: =$N38*$AB$10 -> #VALUE! | AC38: =$N38*$AC$10 -> #VALUE! | AD38: =$N38*$AD$10 -> #VALUE! | AE38: =$N38*$AE$10 -> #VALUE! | AF38: =$N38*$AF$10 -> #VALUE! | AG38: =$N38*$AG$10 -> #VALUE! | AH38: =$N38*$AH$10 -> #VALUE! | AI38: =$N38*$AI$10 -> #VALUE! | AJ38: =$N38*$AJ$10 -> #VALUE! | AK38: =$N38*$AK$10 -> #VALUE!
A39: =A38+1 -> 28 | B39: Consumable | J39: =IF(ISERROR(1000000*H39/$E$2),"",1000000*H39/$E$2) -> 0 | K39: =J39*$K$11*$N$9/1000000 -> 0 | L39: =J39*$L$11*$N$9/1000000 -> 0 | M39: =IF(I39<K39,"Cần order thêm",IF(I39>L39,"Quá nhiều hàng tồn","")) | N39: =IF(M39="Cần order thêm",L39-I39,"") | Q39: =$N39*$Q$10 -> #VALUE! | R39: =$N39*$R$10 -> #VALUE! | S39: =$N39*$S$10 -> #VALUE! | T39: =$N39*$T$10 -> #VALUE! | U39: =$N39*$U$10 -> #VALUE! | V39: =$N39*$V$10 -> #VALUE! | W39: =$N39*$W$10 -> #VALUE! | X39: =$N39*$X$10 -> #VALUE! | Y39: =$N39*$Y$10 -> #VALUE! | Z39: =$N39*$Z$10 -> #VALUE! | AA39: =$N39*$AA$10 -> #VALUE! | AB39: =$N39*$AB$10 -> #VALUE! | AC39: =$N39*$AC$10 -> #VALUE! | AD39: =$N39*$AD$10 -> #VALUE! | AE39: =$N39*$AE$10 -> #VALUE! | AF39: =$N39*$AF$10 -> #VALUE! | AG39: =$N39*$AG$10 -> #VALUE! | AH39: =$N39*$AH$10 -> #VALUE! | AI39: =$N39*$AI$10 -> #VALUE! | AJ39: =$N39*$AJ$10 -> #VALUE! | AK39: =$N39*$AK$10 -> #VALUE!
A40: =A39+1 -> 29 | B40: Consumable | G40: 50 Rolls | J40: =IF(ISERROR(1000000*H40/$E$2),"",1000000*H40/$E$2) -> 0 | K40: =J40*$K$11*$N$9/1000000 -> 0 | L40: =J40*$L$11*$N$9/1000000 -> 0 | M40: =IF(I40<K40,"Cần order thêm",IF(I40>L40,"Quá nhiều hàng tồn","")) | N40: =IF(M40="Cần order thêm",L40-I40,"") | Q40: =$N40*$Q$10 -> #VALUE! | R40: =$N40*$R$10 -> #VALUE! | S40: =$N40*$S$10 -> #VALUE! | T40: =$N40*$T$10 -> #VALUE! | U40: =$N40*$U$10 -> #VALUE! | V40: =$N40*$V$10 -> #VALUE! | W40: =$N40*$W$10 -> #VALUE! | X40: =$N40*$X$10 -> #VALUE! | Y40: =$N40*$Y$10 -> #VALUE! | Z40: =$N40*$Z$10 -> #VALUE! | AA40: =$N40*$AA$10 -> #VALUE! | AB40: =$N40*$AB$10 -> #VALUE! | AC40: =$N40*$AC$10 -> #VALUE! | AD40: =$N40*$AD$10 -> #VALUE! | AE40: =$N40*$AE$10 -> #VALUE! | AF40: =$N40*$AF$10 -> #VALUE! | AG40: =$N40*$AG$10 -> #VALUE! | AH40: =$N40*$AH$10 -> #VALUE! | AI40: =$N40*$AI$10 -> #VALUE! | AJ40: =$N40*$AJ$10 -> #VALUE! | AK40: =$N40*$AK$10 -> #VALUE!
A41: =A40+1 -> 30 | B41: Consumable | G41: Không yêu cầu | J41: =IF(ISERROR(1000000*H41/$E$2),"",1000000*H41/$E$2) -> 0 | K41: =J41*$K$11*$N$9/1000000 -> 0 | L41: =J41*$L$11*$N$9/1000000 -> 0 | M41: =IF(I41<K41,"Cần order thêm",IF(I41>L41,"Quá nhiều hàng tồn","")) | N41: =IF(M41="Cần order thêm",L41-I41,"") | Q41: =$N41*$Q$10 -> #VALUE! | R41: =$N41*$R$10 -> #VALUE! | S41: =$N41*$S$10 -> #VALUE! | T41: =$N41*$T$10 -> #VALUE! | U41: =$N41*$U$10 -> #VALUE! | V41: =$N41*$V$10 -> #VALUE! | W41: =$N41*$W$10 -> #VALUE! | X41: =$N41*$X$10 -> #VALUE! | Y41: =$N41*$Y$10 -> #VALUE! | Z41: =$N41*$Z$10 -> #VALUE! | AA41: =$N41*$AA$10 -> #VALUE! | AB41: =$N41*$AB$10 -> #VALUE! | AC41: =$N41*$AC$10 -> #VALUE! | AD41: =$N41*$AD$10 -> #VALUE! | AE41: =$N41*$AE$10 -> #VALUE! | AF41: =$N41*$AF$10 -> #VALUE! | AG41: =$N41*$AG$10 -> #VALUE! | AH41: =$N41*$AH$10 -> #VALUE! | AI41: =$N41*$AI$10 -> #VALUE! | AJ41: =$N41*$AJ$10 -> #VALUE! | AK41: =$N41*$AK$10 -> #VALUE!
A42: =A41+1 -> 31 | B42: Consumable | G42: Không yêu cầu | J42: =IF(ISERROR(1000000*H42/$E$2),"",1000000*H42/$E$2) -> 0 | K42: =J42*$K$11*$N$9/1000000 -> 0 | L42: =J42*$L$11*$N$9/1000000 -> 0 | M42: =IF(I42<K42,"Cần order thêm",IF(I42>L42,"Quá nhiều hàng tồn","")) | N42: =IF(M42="Cần order thêm",L42-I42,"") | Q42: =$N42*$Q$10 -> #VALUE! | R42: =$N42*$R$10 -> #VALUE! | S42: =$N42*$S$10 -> #VALUE! | T42: =$N42*$T$10 -> #VALUE! | U42: =$N42*$U$10 -> #VALUE! | V42: =$N42*$V$10 -> #VALUE! | W42: =$N42*$W$10 -> #VALUE! | X42: =$N42*$X$10 -> #VALUE! | Y42: =$N42*$Y$10 -> #VALUE! | Z42: =$N42*$Z$10 -> #VALUE! | AA42: =$N42*$AA$10 -> #VALUE! | AB42: =$N42*$AB$10 -> #VALUE! | AC42: =$N42*$AC$10 -> #VALUE! | AD42: =$N42*$AD$10 -> #VALUE! | AE42: =$N42*$AE$10 -> #VALUE! | AF42: =$N42*$AF$10 -> #VALUE! | AG42: =$N42*$AG$10 -> #VALUE! | AH42: =$N42*$AH$10 -> #VALUE! | AI42: =$N42*$AI$10 -> #VALUE! | AJ42: =$N42*$AJ$10 -> #VALUE! | AK42: =$N42*$AK$10 -> #VALUE!
A43: =A42+1 -> 32 | B43: Consumable | G43: Không yêu cầu | J43: =IF(ISERROR(1000000*H43/$E$2),"",1000000*H43/$E$2) -> 0 | K43: =J43*$K$11*$N$9/1000000 -> 0 | L43: =J43*$L$11*$N$9/1000000 -> 0 | M43: =IF(I43<K43,"Cần order thêm",IF(I43>L43,"Quá nhiều hàng tồn","")) | N43: =IF(M43="Cần order thêm",L43-I43,"") | Q43: =$N43*$Q$10 -> #VALUE! | R43: =$N43*$R$10 -> #VALUE! | S43: =$N43*$S$10 -> #VALUE! | T43: =$N43*$T$10 -> #VALUE! | U43: =$N43*$U$10 -> #VALUE! | V43: =$N43*$V$10 -> #VALUE! | W43: =$N43*$W$10 -> #VALUE! | X43: =$N43*$X$10 -> #VALUE! | Y43: =$N43*$Y$10 -> #VALUE! | Z43: =$N43*$Z$10 -> #VALUE! | AA43: =$N43*$AA$10 -> #VALUE! | AB43: =$N43*$AB$10 -> #VALUE! | AC43: =$N43*$AC$10 -> #VALUE! | AD43: =$N43*$AD$10 -> #VALUE! | AE43: =$N43*$AE$10 -> #VALUE! | AF43: =$N43*$AF$10 -> #VALUE! | AG43: =$N43*$AG$10 -> #VALUE! | AH43: =$N43*$AH$10 -> #VALUE! | AI43: =$N43*$AI$10 -> #VALUE! | AJ43: =$N43*$AJ$10 -> #VALUE! | AK43: =$N43*$AK$10 -> #VALUE!
A44: =A43+1 -> 33 | B44: Consumable | G44: Không yêu cầu | J44: =IF(ISERROR(1000000*H44/$E$2),"",1000000*H44/$E$2) -> 0 | K44: =J44*$K$11*$N$9/1000000 -> 0 | L44: =J44*$L$11*$N$9/1000000 -> 0 | M44: =IF(I44<K44,"Cần order thêm",IF(I44>L44,"Quá nhiều hàng tồn","")) | N44: =IF(M44="Cần order thêm",L44-I44,"") | Q44: =$N44*$Q$10 -> #VALUE! | R44: =$N44*$R$10 -> #VALUE! | S44: =$N44*$S$10 -> #VALUE! | T44: =$N44*$T$10 -> #VALUE! | U44: =$N44*$U$10 -> #VALUE! | V44: =$N44*$V$10 -> #VALUE! | W44: =$N44*$W$10 -> #VALUE! | X44: =$N44*$X$10 -> #VALUE! | Y44: =$N44*$Y$10 -> #VALUE! | Z44: =$N44*$Z$10 -> #VALUE! | AA44: =$N44*$AA$10 -> #VALUE! | AB44: =$N44*$AB$10 -> #VALUE! | AC44: =$N44*$AC$10 -> #VALUE! | AD44: =$N44*$AD$10 -> #VALUE! | AE44: =$N44*$AE$10 -> #VALUE! | AF44: =$N44*$AF$10 -> #VALUE! | AG44: =$N44*$AG$10 -> #VALUE! | AH44: =$N44*$AH$10 -> #VALUE! | AI44: =$N44*$AI$10 -> #VALUE! | AJ44: =$N44*$AJ$10 -> #VALUE! | AK44: =$N44*$AK$10 -> #VALUE!
A45: =A44+1 -> 34 | B45: Consumable | G45: Không yêu cầu | J45: =IF(ISERROR(1000000*H45/$E$2),"",1000000*H45/$E$2) -> 0 | K45: =J45*$K$11*$N$9/1000000 -> 0 | L45: =J45*$L$11*$N$9/1000000 -> 0 | M45: =IF(I45<K45,"Cần order thêm",IF(I45>L45,"Quá nhiều hàng tồn","")) | N45: =IF(M45="Cần order thêm",L45-I45,"") | Q45: =$N45*$Q$10 -> #VALUE! | R45: =$N45*$R$10 -> #VALUE! | S45: =$N45*$S$10 -> #VALUE! | T45: =$N45*$T$10 -> #VALUE! | U45: =$N45*$U$10 -> #VALUE! | V45: =$N45*$V$10 -> #VALUE! | W45: =$N45*$W$10 -> #VALUE! | X45: =$N45*$X$10 -> #VALUE! | Y45: =$N45*$Y$10 -> #VALUE! | Z45: =$N45*$Z$10 -> #VALUE! | AA45: =$N45*$AA$10 -> #VALUE! | AB45: =$N45*$AB$10 -> #VALUE! | AC45: =$N45*$AC$10 -> #VALUE! | AD45: =$N45*$AD$10 -> #VALUE! | AE45: =$N45*$AE$10 -> #VALUE! | AF45: =$N45*$AF$10 -> #VALUE! | AG45: =$N45*$AG$10 -> #VALUE! | AH45: =$N45*$AH$10 -> #VALUE! | AI45: =$N45*$AI$10 -> #VALUE! | AJ45: =$N45*$AJ$10 -> #VALUE! | AK45: =$N45*$AK$10 -> #VALUE!
A46: =A45+1 -> 35 | B46: Consumable | G46: 1000 | J46: =IF(ISERROR(1000000*H46/$E$2),"",1000000*H46/$E$2) -> 0 | K46: =J46*$K$11*$N$9/1000000 -> 0 | L46: =J46*$L$11*$N$9/1000000 -> 0 | M46: =IF(I46<K46,"Cần order thêm",IF(I46>L46,"Quá nhiều hàng tồn","")) | N46: =IF(M46="Cần order thêm",L46-I46,"") | Q46: =$N46*$Q$10 -> #VALUE! | R46: =$N46*$R$10 -> #VALUE! | S46: =$N46*$S$10 -> #VALUE! | T46: =$N46*$T$10 -> #VALUE! | U46: =$N46*$U$10 -> #VALUE! | V46: =$N46*$V$10 -> #VALUE! | W46: =$N46*$W$10 -> #VALUE! | X46: =$N46*$X$10 -> #VALUE! | Y46: =$N46*$Y$10 -> #VALUE! | Z46: =$N46*$Z$10 -> #VALUE! | AA46: =$N46*$AA$10 -> #VALUE! | AB46: =$N46*$AB$10 -> #VALUE! | AC46: =$N46*$AC$10 -> #VALUE! | AD46: =$N46*$AD$10 -> #VALUE! | AE46: =$N46*$AE$10 -> #VALUE! | AF46: =$N46*$AF$10 -> #VALUE! | AG46: =$N46*$AG$10 -> #VALUE! | AH46: =$N46*$AH$10 -> #VALUE! | AI46: =$N46*$AI$10 -> #VALUE! | AJ46: =$N46*$AJ$10 -> #VALUE! | AK46: =$N46*$AK$10 -> #VALUE!
A47: =A46+1 -> 36 | B47: Consumable | G47: 1 thùng | J47: =IF(ISERROR(1000000*H47/$E$2),"",1000000*H47/$E$2) -> 0 | K47: =J47*$K$11*$N$9/1000000 -> 0 | L47: =J47*$L$11*$N$9/1000000 -> 0 | M47: =IF(I47<K47,"Cần order thêm",IF(I47>L47,"Quá nhiều hàng tồn","")) | N47: =IF(M47="Cần order thêm",L47-I47,"") | Q47: =$N47*$Q$10 -> #VALUE! | R47: =$N47*$R$10 -> #VALUE! | S47: =$N47*$S$10 -> #VALUE! | T47: =$N47*$T$10 -> #VALUE! | U47: =$N47*$U$10 -> #VALUE! | V47: =$N47*$V$10 -> #VALUE! | W47: =$N47*$W$10 -> #VALUE! | X47: =$N47*$X$10 -> #VALUE! | Y47: =$N47*$Y$10 -> #VALUE! | Z47: =$N47*$Z$10 -> #VALUE! | AA47: =$N47*$AA$10 -> #VALUE! | AB47: =$N47*$AB$10 -> #VALUE! | AC47: =$N47*$AC$10 -> #VALUE! | AD47: =$N47*$AD$10 -> #VALUE! | AE47: =$N47*$AE$10 -> #VALUE! | AF47: =$N47*$AF$10 -> #VALUE! | AG47: =$N47*$AG$10 -> #VALUE! | AH47: =$N47*$AH$10 -> #VALUE! | AI47: =$N47*$AI$10 -> #VALUE! | AJ47: =$N47*$AJ$10 -> #VALUE! | AK47: =$N47*$AK$10 -> #VALUE!
A48: =A47+1 -> 37 | B48: Consumable | G48: 1 lốc | J48: =IF(ISERROR(1000000*H48/$E$2),"",1000000*H48/$E$2) -> 0 | K48: =J48*$K$11*$N$9/1000000 -> 0 | L48: =J48*$L$11*$N$9/1000000 -> 0 | M48: =IF(I48<K48,"Cần order thêm",IF(I48>L48,"Quá nhiều hàng tồn","")) | N48: =IF(M48="Cần order thêm",L48-I48,"") | Q48: =$N48*$Q$10 -> #VALUE! | R48: =$N48*$R$10 -> #VALUE! | S48: =$N48*$S$10 -> #VALUE! | T48: =$N48*$T$10 -> #VALUE! | U48: =$N48*$U$10 -> #VALUE! | V48: =$N48*$V$10 -> #VALUE! | W48: =$N48*$W$10 -> #VALUE! | X48: =$N48*$X$10 -> #VALUE! | Y48: =$N48*$Y$10 -> #VALUE! | Z48: =$N48*$Z$10 -> #VALUE! | AA48: =$N48*$AA$10 -> #VALUE! | AB48: =$N48*$AB$10 -> #VALUE! | AC48: =$N48*$AC$10 -> #VALUE! | AD48: =$N48*$AD$10 -> #VALUE! | AE48: =$N48*$AE$10 -> #VALUE! | AF48: =$N48*$AF$10 -> #VALUE! | AG48: =$N48*$AG$10 -> #VALUE! | AH48: =$N48*$AH$10 -> #VALUE! | AI48: =$N48*$AI$10 -> #VALUE! | AJ48: =$N48*$AJ$10 -> #VALUE! | AK48: =$N48*$AK$10 -> #VALUE!
A49: =A48+1 -> 38 | B49: Consumable | G49: 2 pack | J49: =IF(ISERROR(1000000*H49/$E$2),"",1000000*H49/$E$2) -> 0 | K49: =J49*$K$11*$N$9/1000000 -> 0 | L49: =J49*$L$11*$N$9/1000000 -> 0 | M49: =IF(I49<K49,"Cần order thêm",IF(I49>L49,"Quá nhiều hàng tồn","")) | N49: =IF(M49="Cần order thêm",L49-I49,"") | Q49: =$N49*$Q$10 -> #VALUE! | R49: =$N49*$R$10 -> #VALUE! | S49: =$N49*$S$10 -> #VALUE! | T49: =$N49*$T$10 -> #VALUE! | U49: =$N49*$U$10 -> #VALUE! | V49: =$N49*$V$10 -> #VALUE! | W49: =$N49*$W$10 -> #VALUE! | X49: =$N49*$X$10 -> #VALUE! | Y49: =$N49*$Y$10 -> #VALUE! | Z49: =$N49*$Z$10 -> #VALUE! | AA49: =$N49*$AA$10 -> #VALUE! | AB49: =$N49*$AB$10 -> #VALUE! | AC49: =$N49*$AC$10 -> #VALUE! | AD49: =$N49*$AD$10 -> #VALUE! | AE49: =$N49*$AE$10 -> #VALUE! | AF49: =$N49*$AF$10 -> #VALUE! | AG49: =$N49*$AG$10 -> #VALUE! | AH49: =$N49*$AH$10 -> #VALUE! | AI49: =$N49*$AI$10 -> #VALUE! | AJ49: =$N49*$AJ$10 -> #VALUE! | AK49: =$N49*$AK$10 -> #VALUE!
A50: =A49+1 -> 39 | B50: Consumable | G50: 2 pack | J50: =IF(ISERROR(1000000*H50/$E$2),"",1000000*H50/$E$2) -> 0 | K50: =J50*$K$11*$N$9/1000000 -> 0 | L50: =J50*$L$11*$N$9/1000000 -> 0 | M50: =IF(I50<K50,"Cần order thêm",IF(I50>L50,"Quá nhiều hàng tồn","")) | N50: =IF(M50="Cần order thêm",L50-I50,"") | Q50: =$N50*$Q$10 -> #VALUE! | R50: =$N50*$R$10 -> #VALUE! | S50: =$N50*$S$10 -> #VALUE! | T50: =$N50*$T$10 -> #VALUE! | U50: =$N50*$U$10 -> #VALUE! | V50: =$N50*$V$10 -> #VALUE! | W50: =$N50*$W$10 -> #VALUE! | X50: =$N50*$X$10 -> #VALUE! | Y50: =$N50*$Y$10 -> #VALUE! | Z50: =$N50*$Z$10 -> #VALUE! | AA50: =$N50*$AA$10 -> #VALUE! | AB50: =$N50*$AB$10 -> #VALUE! | AC50: =$N50*$AC$10 -> #VALUE! | AD50: =$N50*$AD$10 -> #VALUE! | AE50: =$N50*$AE$10 -> #VALUE! | AF50: =$N50*$AF$10 -> #VALUE! | AG50: =$N50*$AG$10 -> #VALUE! | AH50: =$N50*$AH$10 -> #VALUE! | AI50: =$N50*$AI$10 -> #VALUE! | AJ50: =$N50*$AJ$10 -> #VALUE! | AK50: =$N50*$AK$10 -> #VALUE!
A51: =A50+1 -> 40 | B51: Consumable | G51: 3 rolls | J51: =IF(ISERROR(1000000*H51/$E$2),"",1000000*H51/$E$2) -> 0 | K51: =J51*$K$11*$N$9/1000000 -> 0 | L51: =J51*$L$11*$N$9/1000000 -> 0 | M51: =IF(I51<K51,"Cần order thêm",IF(I51>L51,"Quá nhiều hàng tồn","")) | N51: =IF(M51="Cần order thêm",L51-I51,"") | Q51: =$N51*$Q$10 -> #VALUE! | R51: =$N51*$R$10 -> #VALUE! | S51: =$N51*$S$10 -> #VALUE! | T51: =$N51*$T$10 -> #VALUE! | U51: =$N51*$U$10 -> #VALUE! | V51: =$N51*$V$10 -> #VALUE! | W51: =$N51*$W$10 -> #VALUE! | X51: =$N51*$X$10 -> #VALUE! | Y51: =$N51*$Y$10 -> #VALUE! | Z51: =$N51*$Z$10 -> #VALUE! | AA51: =$N51*$AA$10 -> #VALUE! | AB51: =$N51*$AB$10 -> #VALUE! | AC51: =$N51*$AC$10 -> #VALUE! | AD51: =$N51*$AD$10 -> #VALUE! | AE51: =$N51*$AE$10 -> #VALUE! | AF51: =$N51*$AF$10 -> #VALUE! | AG51: =$N51*$AG$10 -> #VALUE! | AH51: =$N51*$AH$10 -> #VALUE! | AI51: =$N51*$AI$10 -> #VALUE! | AJ51: =$N51*$AJ$10 -> #VALUE! | AK51: =$N51*$AK$10 -> #VALUE!
A52: =A51+1 -> 41 | B52: Consumable | G52: 3 rolls | J52: =IF(ISERROR(1000000*H52/$E$2),"",1000000*H52/$E$2) -> 0 | K52: =J52*$K$11*$N$9/1000000 -> 0 | L52: =J52*$L$11*$N$9/1000000 -> 0 | M52: =IF(I52<K52,"Cần order thêm",IF(I52>L52,"Quá nhiều hàng tồn","")) | N52: =IF(M52="Cần order thêm",L52-I52,"") | Q52: =$N52*$Q$10 -> #VALUE! | R52: =$N52*$R$10 -> #VALUE! | S52: =$N52*$S$10 -> #VALUE! | T52: =$N52*$T$10 -> #VALUE! | U52: =$N52*$U$10 -> #VALUE! | V52: =$N52*$V$10 -> #VALUE! | W52: =$N52*$W$10 -> #VALUE! | X52: =$N52*$X$10 -> #VALUE! | Y52: =$N52*$Y$10 -> #VALUE! | Z52: =$N52*$Z$10 -> #VALUE! | AA52: =$N52*$AA$10 -> #VALUE! | AB52: =$N52*$AB$10 -> #VALUE! | AC52: =$N52*$AC$10 -> #VALUE! | AD52: =$N52*$AD$10 -> #VALUE! | AE52: =$N52*$AE$10 -> #VALUE! | AF52: =$N52*$AF$10 -> #VALUE! | AG52: =$N52*$AG$10 -> #VALUE! | AH52: =$N52*$AH$10 -> #VALUE! | AI52: =$N52*$AI$10 -> #VALUE! | AJ52: =$N52*$AJ$10 -> #VALUE! | AK52: =$N52*$AK$10 -> #VALUE!
A53: =A52+1 -> 42 | B53: Consumable | G53: 3 rolls | J53: =IF(ISERROR(1000000*H53/$E$2),"",1000000*H53/$E$2) -> 0 | K53: =J53*$K$11*$N$9/1000000 -> 0 | L53: =J53*$L$11*$N$9/1000000 -> 0 | M53: =IF(I53<K53,"Cần order thêm",IF(I53>L53,"Quá nhiều hàng tồn","")) | N53: =IF(M53="Cần order thêm",L53-I53,"") | Q53: =$N53*$Q$10 -> #VALUE! | R53: =$N53*$R$10 -> #VALUE! | S53: =$N53*$S$10 -> #VALUE! | T53: =$N53*$T$10 -> #VALUE! | U53: =$N53*$U$10 -> #VALUE! | V53: =$N53*$V$10 -> #VALUE! | W53: =$N53*$W$10 -> #VALUE! | X53: =$N53*$X$10 -> #VALUE! | Y53: =$N53*$Y$10 -> #VALUE! | Z53: =$N53*$Z$10 -> #VALUE! | AA53: =$N53*$AA$10 -> #VALUE! | AB53: =$N53*$AB$10 -> #VALUE! | AC53: =$N53*$AC$10 -> #VALUE! | AD53: =$N53*$AD$10 -> #VALUE! | AE53: =$N53*$AE$10 -> #VALUE! | AF53: =$N53*$AF$10 -> #VALUE! | AG53: =$N53*$AG$10 -> #VALUE! | AH53: =$N53*$AH$10 -> #VALUE! | AI53: =$N53*$AI$10 -> #VALUE! | AJ53: =$N53*$AJ$10 -> #VALUE! | AK53: =$N53*$AK$10 -> #VALUE!
A54: =A53+1 -> 43 | B54: Consumable | G54: Không yêu cầu | J54: =IF(ISERROR(1000000*H54/$E$2),"",1000000*H54/$E$2) -> 0 | K54: =J54*$K$11*$N$9/1000000 -> 0 | L54: =J54*$L$11*$N$9/1000000 -> 0 | M54: =IF(I54<K54,"Cần order thêm",IF(I54>L54,"Quá nhiều hàng tồn","")) | N54: =IF(M54="Cần order thêm",L54-I54,"") | Q54: =$N54*$Q$10 -> #VALUE! | R54: =$N54*$R$10 -> #VALUE! | S54: =$N54*$S$10 -> #VALUE! | T54: =$N54*$T$10 -> #VALUE! | U54: =$N54*$U$10 -> #VALUE! | V54: =$N54*$V$10 -> #VALUE! | W54: =$N54*$W$10 -> #VALUE! | X54: =$N54*$X$10 -> #VALUE! | Y54: =$N54*$Y$10 -> #VALUE! | Z54: =$N54*$Z$10 -> #VALUE! | AA54: =$N54*$AA$10 -> #VALUE! | AB54: =$N54*$AB$10 -> #VALUE! | AC54: =$N54*$AC$10 -> #VALUE! | AD54: =$N54*$AD$10 -> #VALUE! | AE54: =$N54*$AE$10 -> #VALUE! | AF54: =$N54*$AF$10 -> #VALUE! | AG54: =$N54*$AG$10 -> #VALUE! | AH54: =$N54*$AH$10 -> #VALUE! | AI54: =$N54*$AI$10 -> #VALUE! | AJ54: =$N54*$AJ$10 -> #VALUE! | AK54: =$N54*$AK$10 -> #VALUE!
A55: =A54+1 -> 44 | B55: Consumable | G55: Không yêu cầu | J55: =IF(ISERROR(1000000*H55/$E$2),"",1000000*H55/$E$2) -> 0 | K55: =J55*$K$11*$N$9/1000000 -> 0 | L55: =J55*$L$11*$N$9/1000000 -> 0 | M55: =IF(I55<K55,"Cần order thêm",IF(I55>L55,"Quá nhiều hàng tồn","")) | N55: =IF(M55="Cần order thêm",L55-I55,"") | Q55: =$N55*$Q$10 -> #VALUE! | R55: =$N55*$R$10 -> #VALUE! | S55: =$N55*$S$10 -> #VALUE! | T55: =$N55*$T$10 -> #VALUE! | U55: =$N55*$U$10 -> #VALUE! | V55: =$N55*$V$10 -> #VALUE! | W55: =$N55*$W$10 -> #VALUE! | X55: =$N55*$X$10 -> #VALUE! | Y55: =$N55*$Y$10 -> #VALUE! | Z55: =$N55*$Z$10 -> #VALUE! | AA55: =$N55*$AA$10 -> #VALUE! | AB55: =$N55*$AB$10 -> #VALUE! | AC55: =$N55*$AC$10 -> #VALUE! | AD55: =$N55*$AD$10 -> #VALUE! | AE55: =$N55*$AE$10 -> #VALUE! | AF55: =$N55*$AF$10 -> #VALUE! | AG55: =$N55*$AG$10 -> #VALUE! | AH55: =$N55*$AH$10 -> #VALUE! | AI55: =$N55*$AI$10 -> #VALUE! | AJ55: =$N55*$AJ$10 -> #VALUE! | AK55: =$N55*$AK$10 -> #VALUE!
A56: =A55+1 -> 45 | B56: Consumable | G56: Không yêu cầu | J56: =IF(ISERROR(1000000*H56/$E$2),"",1000000*H56/$E$2) -> 0 | K56: =J56*$K$11*$N$9/1000000 -> 0 | L56: =J56*$L$11*$N$9/1000000 -> 0 | M56: =IF(I56<K56,"Cần order thêm",IF(I56>L56,"Quá nhiều hàng tồn","")) | N56: =IF(M56="Cần order thêm",L56-I56,"") | Q56: =$N56*$Q$10 -> #VALUE! | R56: =$N56*$R$10 -> #VALUE! | S56: =$N56*$S$10 -> #VALUE! | T56: =$N56*$T$10 -> #VALUE! | U56: =$N56*$U$10 -> #VALUE! | V56: =$N56*$V$10 -> #VALUE! | W56: =$N56*$W$10 -> #VALUE! | X56: =$N56*$X$10 -> #VALUE! | Y56: =$N56*$Y$10 -> #VALUE! | Z56: =$N56*$Z$10 -> #VALUE! | AA56: =$N56*$AA$10 -> #VALUE! | AB56: =$N56*$AB$10 -> #VALUE! | AC56: =$N56*$AC$10 -> #VALUE! | AD56: =$N56*$AD$10 -> #VALUE! | AE56: =$N56*$AE$10 -> #VALUE! | AF56: =$N56*$AF$10 -> #VALUE! | AG56: =$N56*$AG$10 -> #VALUE! | AH56: =$N56*$AH$10 -> #VALUE! | AI56: =$N56*$AI$10 -> #VALUE! | AJ56: =$N56*$AJ$10 -> #VALUE! | AK56: =$N56*$AK$10 -> #VALUE!
A57: =A56+1 -> 46 | B57: Consumable | G57: Không yêu cầu | J57: =IF(ISERROR(1000000*H57/$E$2),"",1000000*H57/$E$2) -> 0 | K57: =J57*$K$11*$N$9/1000000 -> 0 | L57: =J57*$L$11*$N$9/1000000 -> 0 | M57: =IF(I57<K57,"Cần order thêm",IF(I57>L57,"Quá nhiều hàng tồn","")) | N57: =IF(M57="Cần order thêm",L57-I57,"") | Q57: =$N57*$Q$10 -> #VALUE! | R57: =$N57*$R$10 -> #VALUE! | S57: =$N57*$S$10 -> #VALUE! | T57: =$N57*$T$10 -> #VALUE! | U57: =$N57*$U$10 -> #VALUE! | V57: =$N57*$V$10 -> #VALUE! | W57: =$N57*$W$10 -> #VALUE! | X57: =$N57*$X$10 -> #VALUE! | Y57: =$N57*$Y$10 -> #VALUE! | Z57: =$N57*$Z$10 -> #VALUE! | AA57: =$N57*$AA$10 -> #VALUE! | AB57: =$N57*$AB$10 -> #VALUE! | AC57: =$N57*$AC$10 -> #VALUE! | AD57: =$N57*$AD$10 -> #VALUE! | AE57: =$N57*$AE$10 -> #VALUE! | AF57: =$N57*$AF$10 -> #VALUE! | AG57: =$N57*$AG$10 -> #VALUE! | AH57: =$N57*$AH$10 -> #VALUE! | AI57: =$N57*$AI$10 -> #VALUE! | AJ57: =$N57*$AJ$10 -> #VALUE! | AK57: =$N57*$AK$10 -> #VALUE!
A58: =A57+1 -> 47 | B58: Consumable | G58: Không yêu cầu | J58: =IF(ISERROR(1000000*H58/$E$2),"",1000000*H58/$E$2) -> 0 | K58: =J58*$K$11*$N$9/1000000 -> 0 | L58: =J58*$L$11*$N$9/1000000 -> 0 | M58: =IF(I58<K58,"Cần order thêm",IF(I58>L58,"Quá nhiều hàng tồn","")) | N58: =IF(M58="Cần order thêm",L58-I58,"") | Q58: =$N58*$Q$10 -> #VALUE! | R58: =$N58*$R$10 -> #VALUE! | S58: =$N58*$S$10 -> #VALUE! | T58: =$N58*$T$10 -> #VALUE! | U58: =$N58*$U$10 -> #VALUE! | V58: =$N58*$V$10 -> #VALUE! | W58: =$N58*$W$10 -> #VALUE! | X58: =$N58*$X$10 -> #VALUE! | Y58: =$N58*$Y$10 -> #VALUE! | Z58: =$N58*$Z$10 -> #VALUE! | AA58: =$N58*$AA$10 -> #VALUE! | AB58: =$N58*$AB$10 -> #VALUE! | AC58: =$N58*$AC$10 -> #VALUE! | AD58: =$N58*$AD$10 -> #VALUE! | AE58: =$N58*$AE$10 -> #VALUE! | AF58: =$N58*$AF$10 -> #VALUE! | AG58: =$N58*$AG$10 -> #VALUE! | AH58: =$N58*$AH$10 -> #VALUE! | AI58: =$N58*$AI$10 -> #VALUE! | AJ58: =$N58*$AJ$10 -> #VALUE! | AK58: =$N58*$AK$10 -> #VALUE!
... A64: =A63+1 -> 53 | B64: Consumable | G64: 5000 psc | J64: =IF(ISERROR(1000000*H64/$E$2),"",1000000*H64/$E$2) -> 0 | K64: =J64*$K$11*$N$9/1000000 -> 0 | L64: =J64*$L$11*$N$9/1000000 -> 0 | M64: =IF(I64<K64,"Cần order thêm",IF(I64>L64,"Quá nhiều hàng tồn","")) | N64: =IF(M64="Cần order thêm",L64-I64,"") | Q64: =$N64*$Q$10 -> #VALUE! | R64: =$N64*$R$10 -> #VALUE! | S64: =$N64*$S$10 -> #VALUE! | T64: =$N64*$T$10 -> #VALUE! | U64: =$N64*$U$10 -> #VALUE! | V64: =$N64*$V$10 -> #VALUE! | W64: =$N64*$W$10 -> #VALUE! | X64: =$N64*$X$10 -> #VALUE! | Y64: =$N64*$Y$10 -> #VALUE! | Z64: =$N64*$Z$10 -> #VALUE! | AA64: =$N64*$AA$10 -> #VALUE! | AB64: =$N64*$AB$10 -> #VALUE! | AC64: =$N64*$AC$10 -> #VALUE! | AD64: =$N64*$AD$10 -> #VALUE! | AE64: =$N64*$AE$10 -> #VALUE! | AF64: =$N64*$AF$10 -> #VALUE! | AG64: =$N64*$AG$10 -> #VALUE! | AH64: =$N64*$AH$10 -> #VALUE! | AI64: =$N64*$AI$10 -> #VALUE! | AJ64: =$N64*$AJ$10 -> #VALUE! | AK64: =$N64*$AK$10 -> #VALUE!
A65: =A64+1 -> 54 | B65: Chemical | G65: 500000 | J65: =IF(ISERROR(1000000*H65/$E$2),"",1000000*H65/$E$2) -> 0 | K65: =J65*$K$11*$N$9/1000000 -> 0 | L65: =J65*$L$11*$N$9/1000000 -> 0 | M65: =IF(I65<K65,"Cần order thêm",IF(I65>L65,"Quá nhiều hàng tồn","")) | N65: =IF(M65="Cần order thêm",L65-I65,"") | Q65: =$N65*$Q$10 -> #VALUE! | R65: =$N65*$R$10 -> #VALUE! | S65: =$N65*$S$10 -> #VALUE! | T65: =$N65*$T$10 -> #VALUE! | U65: =$N65*$U$10 -> #VALUE! | V65: =$N65*$V$10 -> #VALUE! | W65: =$N65*$W$10 -> #VALUE! | X65: =$N65*$X$10 -> #VALUE! | Y65: =$N65*$Y$10 -> #VALUE! | Z65: =$N65*$Z$10 -> #VALUE! | AA65: =$N65*$AA$10 -> #VALUE! | AB65: =$N65*$AB$10 -> #VALUE! | AC65: =$N65*$AC$10 -> #VALUE! | AD65: =$N65*$AD$10 -> #VALUE! | AE65: =$N65*$AE$10 -> #VALUE! | AF65: =$N65*$AF$10 -> #VALUE! | AG65: =$N65*$AG$10 -> #VALUE! | AH65: =$N65*$AH$10 -> #VALUE! | AI65: =$N65*$AI$10 -> #VALUE! | AJ65: =$N65*$AJ$10 -> #VALUE! | AK65: =$N65*$AK$10 -> #VALUE!
A66: =A65+1 -> 55 | B66: Chemical | G66: 5 Btl | J66: =IF(ISERROR(1000000*H66/$E$2),"",1000000*H66/$E$2) -> 0 | K66: =J66*$K$11*$N$9/1000000 -> 0 | L66: =J66*$L$11*$N$9/1000000 -> 0 | M66: =IF(I66<K66,"Cần order thêm",IF(I66>L66,"Quá nhiều hàng tồn","")) | N66: =IF(M66="Cần order thêm",L66-I66,"") | Q66: =$N66*$Q$10 -> #VALUE! | R66: =$N66*$R$10 -> #VALUE! | S66: =$N66*$S$10 -> #VALUE! | T66: =$N66*$T$10 -> #VALUE! | U66: =$N66*$U$10 -> #VALUE! | V66: =$N66*$V$10 -> #VALUE! | W66: =$N66*$W$10 -> #VALUE! | X66: =$N66*$X$10 -> #VALUE! | Y66: =$N66*$Y$10 -> #VALUE! | Z66: =$N66*$Z$10 -> #VALUE! | AA66: =$N66*$AA$10 -> #VALUE! | AB66: =$N66*$AB$10 -> #VALUE! | AC66: =$N66*$AC$10 -> #VALUE! | AD66: =$N66*$AD$10 -> #VALUE! | AE66: =$N66*$AE$10 -> #VALUE! | AF66: =$N66*$AF$10 -> #VALUE! | AG66: =$N66*$AG$10 -> #VALUE! | AH66: =$N66*$AH$10 -> #VALUE! | AI66: =$N66*$AI$10 -> #VALUE! | AJ66: =$N66*$AJ$10 -> #VALUE! | AK66: =$N66*$AK$10 -> #VALUE!
A67: =A66+1 -> 56 | B67: Chemical | G67: 10 Btl | J67: =IF(ISERROR(1000000*H67/$E$2),"",1000000*H67/$E$2) -> 0 | K67: =J67*$K$11*$N$9/1000000 -> 0 | L67: =J67*$L$11*$N$9/1000000 -> 0 | M67: =IF(I67<K67,"Cần order thêm",IF(I67>L67,"Quá nhiều hàng tồn","")) | N67: =IF(M67="Cần order thêm",L67-I67,"") | Q67: =$N67*$Q$10 -> #VALUE! | R67: =$N67*$R$10 -> #VALUE! | S67: =$N67*$S$10 -> #VALUE! | T67: =$N67*$T$10 -> #VALUE! | U67: =$N67*$U$10 -> #VALUE! | V67: =$N67*$V$10 -> #VALUE! | W67: =$N67*$W$10 -> #VALUE! | X67: =$N67*$X$10 -> #VALUE! | Y67: =$N67*$Y$10 -> #VALUE! | Z67: =$N67*$Z$10 -> #VALUE! | AA67: =$N67*$AA$10 -> #VALUE! | AB67: =$N67*$AB$10 -> #VALUE! | AC67: =$N67*$AC$10 -> #VALUE! | AD67: =$N67*$AD$10 -> #VALUE! | AE67: =$N67*$AE$10 -> #VALUE! | AF67: =$N67*$AF$10 -> #VALUE! | AG67: =$N67*$AG$10 -> #VALUE! | AH67: =$N67*$AH$10 -> #VALUE! | AI67: =$N67*$AI$10 -> #VALUE! | AJ67: =$N67*$AJ$10 -> #VALUE! | AK67: =$N67*$AK$10 -> #VALUE!
A68: =A67+1 -> 57 | B68: Chemical | G68: 20 L | J68: =IF(ISERROR(1000000*H68/$E$2),"",1000000*H68/$E$2) -> 0 | K68: =J68*$K$11*$N$9/1000000 -> 0 | L68: =J68*$L$11*$N$9/1000000 -> 0 | M68: =IF(I68<K68,"Cần order thêm",IF(I68>L68,"Quá nhiều hàng tồn","")) | N68: =IF(M68="Cần order thêm",L68-I68,"") | Q68: =$N68*$Q$10 -> #VALUE! | R68: =$N68*$R$10 -> #VALUE! | S68: =$N68*$S$10 -> #VALUE! | T68: =$N68*$T$10 -> #VALUE! | U68: =$N68*$U$10 -> #VALUE! | V68: =$N68*$V$10 -> #VALUE! | W68: =$N68*$W$10 -> #VALUE! | X68: =$N68*$X$10 -> #VALUE! | Y68: =$N68*$Y$10 -> #VALUE! | Z68: =$N68*$Z$10 -> #VALUE! | AA68: =$N68*$AA$10 -> #VALUE! | AB68: =$N68*$AB$10 -> #VALUE! | AC68: =$N68*$AC$10 -> #VALUE! | AD68: =$N68*$AD$10 -> #VALUE! | AE68: =$N68*$AE$10 -> #VALUE! | AF68: =$N68*$AF$10 -> #VALUE! | AG68: =$N68*$AG$10 -> #VALUE! | AH68: =$N68*$AH$10 -> #VALUE! | AI68: =$N68*$AI$10 -> #VALUE! | AJ68: =$N68*$AJ$10 -> #VALUE! | AK68: =$N68*$AK$10 -> #VALUE!
A69: =A68+1 -> 58 | B69: Chemical | G69: 20 L | J69: =IF(ISERROR(1000000*H69/$E$2),"",1000000*H69/$E$2) -> 0 | K69: =J69*$K$11*$N$9/1000000 -> 0 | L69: =J69*$L$11*$N$9/1000000 -> 0 | M69: =IF(I69<K69,"Cần order thêm",IF(I69>L69,"Quá nhiều hàng tồn","")) | N69: =IF(M69="Cần order thêm",L69-I69,"") | Q69: =$N69*$Q$10 -> #VALUE! | R69: =$N69*$R$10 -> #VALUE! | S69: =$N69*$S$10 -> #VALUE! | T69: =$N69*$T$10 -> #VALUE! | U69: =$N69*$U$10 -> #VALUE! | V69: =$N69*$V$10 -> #VALUE! | W69: =$N69*$W$10 -> #VALUE! | X69: =$N69*$X$10 -> #VALUE! | Y69: =$N69*$Y$10 -> #VALUE! | Z69: =$N69*$Z$10 -> #VALUE! | AA69: =$N69*$AA$10 -> #VALUE! | AB69: =$N69*$AB$10 -> #VALUE! | AC69: =$N69*$AC$10 -> #VALUE! | AD69: =$N69*$AD$10 -> #VALUE! | AE69: =$N69*$AE$10 -> #VALUE! | AF69: =$N69*$AF$10 -> #VALUE! | AG69: =$N69*$AG$10 -> #VALUE! | AH69: =$N69*$AH$10 -> #VALUE! | AI69: =$N69*$AI$10 -> #VALUE! | AJ69: =$N69*$AJ$10 -> #VALUE! | AK69: =$N69*$AK$10 -> #VALUE!
A70: =A69+1 -> 59 | B70: Chemical | G70: 20 L | J70: =IF(ISERROR(1000000*H70/$E$2),"",1000000*H70/$E$2) -> 0 | K70: =J70*$K$11*$N$9/1000000 -> 0 | L70: =J70*$L$11*$N$9/1000000 -> 0 | M70: =IF(I70<K70,"Cần order thêm",IF(I70>L70,"Quá nhiều hàng tồn","")) | N70: =IF(M70="Cần order thêm",L70-I70,"") | Q70: =$N70*$Q$10 -> #VALUE! | R70: =$N70*$R$10 -> #VALUE! | S70: =$N70*$S$10 -> #VALUE! | T70: =$N70*$T$10 -> #VALUE! | U70: =$N70*$U$10 -> #VALUE! | V70: =$N70*$V$10 -> #VALUE! | W70: =$N70*$W$10 -> #VALUE! | X70: =$N70*$X$10 -> #VALUE! | Y70: =$N70*$Y$10 -> #VALUE! | Z70: =$N70*$Z$10 -> #VALUE! | AA70: =$N70*$AA$10 -> #VALUE! | AB70: =$N70*$AB$10 -> #VALUE! | AC70: =$N70*$AC$10 -> #VALUE! | AD70: =$N70*$AD$10 -> #VALUE! | AE70: =$N70*$AE$10 -> #VALUE! | AF70: =$N70*$AF$10 -> #VALUE! | AG70: =$N70*$AG$10 -> #VALUE! | AH70: =$N70*$AH$10 -> #VALUE! | AI70: =$N70*$AI$10 -> #VALUE! | AJ70: =$N70*$AJ$10 -> #VALUE! | AK70: =$N70*$AK$10 -> #VALUE!
A71: =A70+1 -> 60 | B71: Chemical | G71: 5 L | J71: =IF(ISERROR(1000000*H71/$E$2),"",1000000*H71/$E$2) -> 0 | K71: =J71*$K$11*$N$9/1000000 -> 0 | L71: =J71*$L$11*$N$9/1000000 -> 0 | M71: =IF(I71<K71,"Cần order thêm",IF(I71>L71,"Quá nhiều hàng tồn","")) | N71: =IF(M71="Cần order thêm",L71-I71,"") | Q71: =$N71*$Q$10 -> #VALUE! | R71: =$N71*$R$10 -> #VALUE! | S71: =$N71*$S$10 -> #VALUE! | T71: =$N71*$T$10 -> #VALUE! | U71: =$N71*$U$10 -> #VALUE! | V71: =$N71*$V$10 -> #VALUE! | W71: =$N71*$W$10 -> #VALUE! | X71: =$N71*$X$10 -> #VALUE! | Y71: =$N71*$Y$10 -> #VALUE! | Z71: =$N71*$Z$10 -> #VALUE! | AA71: =$N71*$AA$10 -> #VALUE! | AB71: =$N71*$AB$10 -> #VALUE! | AC71: =$N71*$AC$10 -> #VALUE! | AD71: =$N71*$AD$10 -> #VALUE! | AE71: =$N71*$AE$10 -> #VALUE! | AF71: =$N71*$AF$10 -> #VALUE! | AG71: =$N71*$AG$10 -> #VALUE! | AH71: =$N71*$AH$10 -> #VALUE! | AI71: =$N71*$AI$10 -> #VALUE! | AJ71: =$N71*$AJ$10 -> #VALUE! | AK71: =$N71*$AK$10 -> #VALUE!
A72: =A71+1 -> 61 | B72: Chemical | G72: 20 L | J72: =IF(ISERROR(1000000*H72/$E$2),"",1000000*H72/$E$2) -> 0 | K72: =J72*$K$11*$N$9/1000000 -> 0 | L72: =J72*$L$11*$N$9/1000000 -> 0 | M72: =IF(I72<K72,"Cần order thêm",IF(I72>L72,"Quá nhiều hàng tồn","")) | N72: =IF(M72="Cần order thêm",L72-I72,"") | Q72: =$N72*$Q$10 -> #VALUE! | R72: =$N72*$R$10 -> #VALUE! | S72: =$N72*$S$10 -> #VALUE! | T72: =$N72*$T$10 -> #VALUE! | U72: =$N72*$U$10 -> #VALUE! | V72: =$N72*$V$10 -> #VALUE! | W72: =$N72*$W$10 -> #VALUE! | X72: =$N72*$X$10 -> #VALUE! | Y72: =$N72*$Y$10 -> #VALUE! | Z72: =$N72*$Z$10 -> #VALUE! | AA72: =$N72*$AA$10 -> #VALUE! | AB72: =$N72*$AB$10 -> #VALUE! | AC72: =$N72*$AC$10 -> #VALUE! | AD72: =$N72*$AD$10 -> #VALUE! | AE72: =$N72*$AE$10 -> #VALUE! | AF72: =$N72*$AF$10 -> #VALUE! | AG72: =$N72*$AG$10 -> #VALUE! | AH72: =$N72*$AH$10 -> #VALUE! | AI72: =$N72*$AI$10 -> #VALUE! | AJ72: =$N72*$AJ$10 -> #VALUE! | AK72: =$N72*$AK$10 -> #VALUE!
A73: =A72+1 -> 62 | B73: Chemical | G73: 1 thùng | J73: =IF(ISERROR(1000000*H73/$E$2),"",1000000*H73/$E$2) -> 0 | K73: =J73*$K$11*$N$9/1000000 -> 0 | L73: =J73*$L$11*$N$9/1000000 -> 0 | M73: =IF(I73<K73,"Cần order thêm",IF(I73>L73,"Quá nhiều hàng tồn","")) | N73: =IF(M73="Cần order thêm",L73-I73,"") | Q73: =$N73*$Q$10 -> #VALUE! | R73: =$N73*$R$10 -> #VALUE! | S73: =$N73*$S$10 -> #VALUE! | T73: =$N73*$T$10 -> #VALUE! | U73: =$N73*$U$10 -> #VALUE! | V73: =$N73*$V$10 -> #VALUE! | W73: =$N73*$W$10 -> #VALUE! | X73: =$N73*$X$10 -> #VALUE! | Y73: =$N73*$Y$10 -> #VALUE! | Z73: =$N73*$Z$10 -> #VALUE! | AA73: =$N73*$AA$10 -> #VALUE! | AB73: =$N73*$AB$10 -> #VALUE! | AC73: =$N73*$AC$10 -> #VALUE! | AD73: =$N73*$AD$10 -> #VALUE! | AE73: =$N73*$AE$10 -> #VALUE! | AF73: =$N73*$AF$10 -> #VALUE! | AG73: =$N73*$AG$10 -> #VALUE! | AH73: =$N73*$AH$10 -> #VALUE! | AI73: =$N73*$AI$10 -> #VALUE! | AJ73: =$N73*$AJ$10 -> #VALUE! | AK73: =$N73*$AK$10 -> #VALUE!
A74: =A73+1 -> 63 | B74: Chemical | G74: 1 thùng | J74: =IF(ISERROR(1000000*H74/$E$2),"",1000000*H74/$E$2) -> 0 | K74: =J74*$K$11*$N$9/1000000 -> 0 | L74: =J74*$L$11*$N$9/1000000 -> 0 | M74: =IF(I74<K74,"Cần order thêm",IF(I74>L74,"Quá nhiều hàng tồn","")) | N74: =IF(M74="Cần order thêm",L74-I74,"") | Q74: =$N74*$Q$10 -> #VALUE! | R74: =$N74*$R$10 -> #VALUE! | S74: =$N74*$S$10 -> #VALUE! | T74: =$N74*$T$10 -> #VALUE! | U74: =$N74*$U$10 -> #VALUE! | V74: =$N74*$V$10 -> #VALUE! | W74: =$N74*$W$10 -> #VALUE! | X74: =$N74*$X$10 -> #VALUE! | Y74: =$N74*$Y$10 -> #VALUE! | Z74: =$N74*$Z$10 -> #VALUE! | AA74: =$N74*$AA$10 -> #VALUE! | AB74: =$N74*$AB$10 -> #VALUE! | AC74: =$N74*$AC$10 -> #VALUE! | AD74: =$N74*$AD$10 -> #VALUE! | AE74: =$N74*$AE$10 -> #VALUE! | AF74: =$N74*$AF$10 -> #VALUE! | AG74: =$N74*$AG$10 -> #VALUE! | AH74: =$N74*$AH$10 -> #VALUE! | AI74: =$N74*$AI$10 -> #VALUE! | AJ74: =$N74*$AJ$10 -> #VALUE! | AK74: =$N74*$AK$10 -> #VALUE!
A75: =A74+1 -> 64 | B75: Chemical | G75: 1 thùng | J75: =IF(ISERROR(1000000*H75/$E$2),"",1000000*H75/$E$2) -> 0 | K75: =J75*$K$11*$N$9/1000000 -> 0 | L75: =J75*$L$11*$N$9/1000000 -> 0 | M75: =IF(I75<K75,"Cần order thêm",IF(I75>L75,"Quá nhiều hàng tồn","")) | N75: =IF(M75="Cần order thêm",L75-I75,"") | Q75: =$N75*$Q$10 -> #VALUE! | R75: =$N75*$R$10 -> #VALUE! | S75: =$N75*$S$10 -> #VALUE! | T75: =$N75*$T$10 -> #VALUE! | U75: =$N75*$U$10 -> #VALUE! | V75: =$N75*$V$10 -> #VALUE! | W75: =$N75*$W$10 -> #VALUE! | X75: =$N75*$X$10 -> #VALUE! | Y75: =$N75*$Y$10 -> #VALUE! | Z75: =$N75*$Z$10 -> #VALUE! | AA75: =$N75*$AA$10 -> #VALUE! | AB75: =$N75*$AB$10 -> #VALUE! | AC75: =$N75*$AC$10 -> #VALUE! | AD75: =$N75*$AD$10 -> #VALUE! | AE75: =$N75*$AE$10 -> #VALUE! | AF75: =$N75*$AF$10 -> #VALUE! | AG75: =$N75*$AG$10 -> #VALUE! | AH75: =$N75*$AH$10 -> #VALUE! | AI75: =$N75*$AI$10 -> #VALUE! | AJ75: =$N75*$AJ$10 -> #VALUE! | AK75: =$N75*$AK$10 -> #VALUE!
A76: =A75+1 -> 65 | B76: Chemical | G76: 1 thùng | J76: =IF(ISERROR(1000000*H76/$E$2),"",1000000*H76/$E$2) -> 0 | K76: =J76*$K$11*$N$9/1000000 -> 0 | L76: =J76*$L$11*$N$9/1000000 -> 0 | M76: =IF(I76<K76,"Cần order thêm",IF(I76>L76,"Quá nhiều hàng tồn","")) | N76: =IF(M76="Cần order thêm",L76-I76,"") | Q76: =$N76*$Q$10 -> #VALUE! | R76: =$N76*$R$10 -> #VALUE! | S76: =$N76*$S$10 -> #VALUE! | T76: =$N76*$T$10 -> #VALUE! | U76: =$N76*$U$10 -> #VALUE! | V76: =$N76*$V$10 -> #VALUE! | W76: =$N76*$W$10 -> #VALUE! | X76: =$N76*$X$10 -> #VALUE! | Y76: =$N76*$Y$10 -> #VALUE! | Z76: =$N76*$Z$10 -> #VALUE! | AA76: =$N76*$AA$10 -> #VALUE! | AB76: =$N76*$AB$10 -> #VALUE! | AC76: =$N76*$AC$10 -> #VALUE! | AD76: =$N76*$AD$10 -> #VALUE! | AE76: =$N76*$AE$10 -> #VALUE! | AF76: =$N76*$AF$10 -> #VALUE! | AG76: =$N76*$AG$10 -> #VALUE! | AH76: =$N76*$AH$10 -> #VALUE! | AI76: =$N76*$AI$10 -> #VALUE! | AJ76: =$N76*$AJ$10 -> #VALUE! | AK76: =$N76*$AK$10 -> #VALUE!
A77: =A76+1 -> 66 | B77: Chemical | G77: 1 thùng | J77: =IF(ISERROR(1000000*H77/$E$2),"",1000000*H77/$E$2) -> 0 | K77: =J77*$K$11*$N$9/1000000 -> 0 | L77: =J77*$L$11*$N$9/1000000 -> 0 | M77: =IF(I77<K77,"Cần order thêm",IF(I77>L77,"Quá nhiều hàng tồn","")) | N77: =IF(M77="Cần order thêm",L77-I77,"") | Q77: =$N77*$Q$10 -> #VALUE! | R77: =$N77*$R$10 -> #VALUE! | S77: =$N77*$S$10 -> #VALUE! | T77: =$N77*$T$10 -> #VALUE! | U77: =$N77*$U$10 -> #VALUE! | V77: =$N77*$V$10 -> #VALUE! | W77: =$N77*$W$10 -> #VALUE! | X77: =$N77*$X$10 -> #VALUE! | Y77: =$N77*$Y$10 -> #VALUE! | Z77: =$N77*$Z$10 -> #VALUE! | AA77: =$N77*$AA$10 -> #VALUE! | AB77: =$N77*$AB$10 -> #VALUE! | AC77: =$N77*$AC$10 -> #VALUE! | AD77: =$N77*$AD$10 -> #VALUE! | AE77: =$N77*$AE$10 -> #VALUE! | AF77: =$N77*$AF$10 -> #VALUE! | AG77: =$N77*$AG$10 -> #VALUE! | AH77: =$N77*$AH$10 -> #VALUE! | AI77: =$N77*$AI$10 -> #VALUE! | AJ77: =$N77*$AJ$10 -> #VALUE! | AK77: =$N77*$AK$10 -> #VALUE!
... A81: =A80+1 -> 70 | B81: Chemical | G81: Không yêu cầu | J81: =IF(ISERROR(1000000*H81/$E$2),"",1000000*H81/$E$2) -> 0 | K81: =J81*$K$11*$N$9/1000000 -> 0 | L81: =J81*$L$11*$N$9/1000000 -> 0 | M81: =IF(I81<K81,"Cần order thêm",IF(I81>L81,"Quá nhiều hàng tồn","")) | N81: =IF(M81="Cần order thêm",L81-I81,"") | Q81: =$N81*$Q$10 -> #VALUE! | R81: =$N81*$R$10 -> #VALUE! | S81: =$N81*$S$10 -> #VALUE! | T81: =$N81*$T$10 -> #VALUE! | U81: =$N81*$U$10 -> #VALUE! | V81: =$N81*$V$10 -> #VALUE! | W81: =$N81*$W$10 -> #VALUE! | X81: =$N81*$X$10 -> #VALUE! | Y81: =$N81*$Y$10 -> #VALUE! | Z81: =$N81*$Z$10 -> #VALUE! | AA81: =$N81*$AA$10 -> #VALUE! | AB81: =$N81*$AB$10 -> #VALUE! | AC81: =$N81*$AC$10 -> #VALUE! | AD81: =$N81*$AD$10 -> #VALUE! | AE81: =$N81*$AE$10 -> #VALUE! | AF81: =$N81*$AF$10 -> #VALUE! | AG81: =$N81*$AG$10 -> #VALUE! | AH81: =$N81*$AH$10 -> #VALUE! | AI81: =$N81*$AI$10 -> #VALUE! | AJ81: =$N81*$AJ$10 -> #VALUE! | AK81: =$N81*$AK$10 -> #VALUE!
A82: =A81+1 -> 71 | B82: Chemical | G82: 500000 | J82: =IF(ISERROR(1000000*H82/$E$2),"",1000000*H82/$E$2) -> 0 | K82: =J82*$K$11*$N$9/1000000 -> 0 | L82: =J82*$L$11*$N$9/1000000 -> 0 | M82: =IF(I82<K82,"Cần order thêm",IF(I82>L82,"Quá nhiều hàng tồn","")) | N82: =IF(M82="Cần order thêm",L82-I82,"") | Q82: =$N82*$Q$10 -> #VALUE! | R82: =$N82*$R$10 -> #VALUE! | S82: =$N82*$S$10 -> #VALUE! | T82: =$N82*$T$10 -> #VALUE! | U82: =$N82*$U$10 -> #VALUE! | V82: =$N82*$V$10 -> #VALUE! | W82: =$N82*$W$10 -> #VALUE! | X82: =$N82*$X$10 -> #VALUE! | Y82: =$N82*$Y$10 -> #VALUE! | Z82: =$N82*$Z$10 -> #VALUE! | AA82: =$N82*$AA$10 -> #VALUE! | AB82: =$N82*$AB$10 -> #VALUE! | AC82: =$N82*$AC$10 -> #VALUE! | AD82: =$N82*$AD$10 -> #VALUE! | AE82: =$N82*$AE$10 -> #VALUE! | AF82: =$N82*$AF$10 -> #VALUE! | AG82: =$N82*$AG$10 -> #VALUE! | AH82: =$N82*$AH$10 -> #VALUE! | AI82: =$N82*$AI$10 -> #VALUE! | AJ82: =$N82*$AJ$10 -> #VALUE! | AK82: =$N82*$AK$10 -> #VALUE!
A83: =A82+1 -> 72 | B83: Chemical | G83: 1 thùng | J83: =IF(ISERROR(1000000*H83/$E$2),"",1000000*H83/$E$2) -> 0 | K83: =J83*$K$11*$N$9/1000000 -> 0 | L83: =J83*$L$11*$N$9/1000000 -> 0 | M83: =IF(I83<K83,"Cần order thêm",IF(I83>L83,"Quá nhiều hàng tồn","")) | N83: =IF(M83="Cần order thêm",L83-I83,"") | Q83: =$N83*$Q$10 -> #VALUE! | R83: =$N83*$R$10 -> #VALUE! | S83: =$N83*$S$10 -> #VALUE! | T83: =$N83*$T$10 -> #VALUE! | U83: =$N83*$U$10 -> #VALUE! | V83: =$N83*$V$10 -> #VALUE! | W83: =$N83*$W$10 -> #VALUE! | X83: =$N83*$X$10 -> #VALUE! | Y83: =$N83*$Y$10 -> #VALUE! | Z83: =$N83*$Z$10 -> #VALUE! | AA83: =$N83*$AA$10 -> #VALUE! | AB83: =$N83*$AB$10 -> #VALUE! | AC83: =$N83*$AC$10 -> #VALUE! | AD83: =$N83*$AD$10 -> #VALUE! | AE83: =$N83*$AE$10 -> #VALUE! | AF83: =$N83*$AF$10 -> #VALUE! | AG83: =$N83*$AG$10 -> #VALUE! | AH83: =$N83*$AH$10 -> #VALUE! | AI83: =$N83*$AI$10 -> #VALUE! | AJ83: =$N83*$AJ$10 -> #VALUE! | AK83: =$N83*$AK$10 -> #VALUE!
A84: =A83+1 -> 73 | B84: Chemical | G84: 500000 | J84: =IF(ISERROR(1000000*H84/$E$2),"",1000000*H84/$E$2) -> 0 | K84: =J84*$K$11*$N$9/1000000 -> 0 | L84: =J84*$L$11*$N$9/1000000 -> 0 | M84: =IF(I84<K84,"Cần order thêm",IF(I84>L84,"Quá nhiều hàng tồn","")) | N84: =IF(M84="Cần order thêm",L84-I84,"") | Q84: =$N84*$Q$10 -> #VALUE! | R84: =$N84*$R$10 -> #VALUE! | S84: =$N84*$S$10 -> #VALUE! | T84: =$N84*$T$10 -> #VALUE! | U84: =$N84*$U$10 -> #VALUE! | V84: =$N84*$V$10 -> #VALUE! | W84: =$N84*$W$10 -> #VALUE! | X84: =$N84*$X$10 -> #VALUE! | Y84: =$N84*$Y$10 -> #VALUE! | Z84: =$N84*$Z$10 -> #VALUE! | AA84: =$N84*$AA$10 -> #VALUE! | AB84: =$N84*$AB$10 -> #VALUE! | AC84: =$N84*$AC$10 -> #VALUE! | AD84: =$N84*$AD$10 -> #VALUE! | AE84: =$N84*$AE$10 -> #VALUE! | AF84: =$N84*$AF$10 -> #VALUE! | AG84: =$N84*$AG$10 -> #VALUE! | AH84: =$N84*$AH$10 -> #VALUE! | AI84: =$N84*$AI$10 -> #VALUE! | AJ84: =$N84*$AJ$10 -> #VALUE! | AK84: =$N84*$AK$10 -> #VALUE!
A85: =A84+1 -> 74 | J85: =IF(ISERROR(1000000*H85/$E$2),"",1000000*H85/$E$2) -> 0 | K85: =J85*$K$11*$N$9/1000000 -> 0 | L85: =J85*$L$11*$N$9/1000000 -> 0 | M85: =IF(I85<K85,"Cần order thêm",IF(I85>L85,"Quá nhiều hàng tồn","")) | N85: =IF(M85="Cần order thêm",L85-I85,"") | Q85: =$N85*$Q$10 -> #VALUE! | R85: =$N85*$R$10 -> #VALUE! | S85: =$N85*$S$10 -> #VALUE! | T85: =$N85*$T$10 -> #VALUE! | U85: =$N85*$U$10 -> #VALUE! | V85: =$N85*$V$10 -> #VALUE! | W85: =$N85*$W$10 -> #VALUE! | X85: =$N85*$X$10 -> #VALUE! | Y85: =$N85*$Y$10 -> #VALUE! | Z85: =$N85*$Z$10 -> #VALUE! | AA85: =$N85*$AA$10 -> #VALUE! | AB85: =$N85*$AB$10 -> #VALUE! | AC85: =$N85*$AC$10 -> #VALUE! | AD85: =$N85*$AD$10 -> #VALUE! | AE85: =$N85*$AE$10 -> #VALUE! | AF85: =$N85*$AF$10 -> #VALUE! | AG85: =$N85*$AG$10 -> #VALUE! | AH85: =$N85*$AH$10 -> #VALUE! | AI85: =$N85*$AI$10 -> #VALUE! | AJ85: =$N85*$AJ$10 -> #VALUE! | AK85: =$N85*$AK$10 -> #VALUE!
A86: =A85+1 -> 75 | J86: =IF(ISERROR(1000000*H86/$E$2),"",1000000*H86/$E$2) -> 0 | K86: =J86*$K$11*$N$9/1000000 -> 0 | L86: =J86*$L$11*$N$9/1000000 -> 0 | M86: =IF(I86<K86,"Cần order thêm",IF(I86>L86,"Quá nhiều hàng tồn","")) | N86: =IF(M86="Cần order thêm",L86-I86,"") | Q86: =$N86*$Q$10 -> #VALUE! | R86: =$N86*$R$10 -> #VALUE! | S86: =$N86*$S$10 -> #VALUE! | T86: =$N86*$T$10 -> #VALUE! | U86: =$N86*$U$10 -> #VALUE! | V86: =$N86*$V$10 -> #VALUE! | W86: =$N86*$W$10 -> #VALUE! | X86: =$N86*$X$10 -> #VALUE! | Y86: =$N86*$Y$10 -> #VALUE! | Z86: =$N86*$Z$10 -> #VALUE! | AA86: =$N86*$AA$10 -> #VALUE! | AB86: =$N86*$AB$10 -> #VALUE! | AC86: =$N86*$AC$10 -> #VALUE! | AD86: =$N86*$AD$10 -> #VALUE! | AE86: =$N86*$AE$10 -> #VALUE! | AF86: =$N86*$AF$10 -> #VALUE! | AG86: =$N86*$AG$10 -> #VALUE! | AH86: =$N86*$AH$10 -> #VALUE! | AI86: =$N86*$AI$10 -> #VALUE! | AJ86: =$N86*$AJ$10 -> #VALUE! | AK86: =$N86*$AK$10 -> #VALUE!
A87: =A86+1 -> 76 | J87: =IF(ISERROR(1000000*H87/$E$2),"",1000000*H87/$E$2) -> 0 | K87: =J87*$K$11*$N$9/1000000 -> 0 | L87: =J87*$L$11*$N$9/1000000 -> 0 | M87: =IF(I87<K87,"Cần order thêm",IF(I87>L87,"Quá nhiều hàng tồn","")) | N87: =IF(M87="Cần order thêm",L87-I87,"") | Q87: =$N87*$Q$10 -> #VALUE! | R87: =$N87*$R$10 -> #VALUE! | S87: =$N87*$S$10 -> #VALUE! | T87: =$N87*$T$10 -> #VALUE! | U87: =$N87*$U$10 -> #VALUE! | V87: =$N87*$V$10 -> #VALUE! | W87: =$N87*$W$10 -> #VALUE! | X87: =$N87*$X$10 -> #VALUE! | Y87: =$N87*$Y$10 -> #VALUE! | Z87: =$N87*$Z$10 -> #VALUE! | AA87: =$N87*$AA$10 -> #VALUE! | AB87: =$N87*$AB$10 -> #VALUE! | AC87: =$N87*$AC$10 -> #VALUE! | AD87: =$N87*$AD$10 -> #VALUE! | AE87: =$N87*$AE$10 -> #VALUE! | AF87: =$N87*$AF$10 -> #VALUE! | AG87: =$N87*$AG$10 -> #VALUE! | AH87: =$N87*$AH$10 -> #VALUE! | AI87: =$N87*$AI$10 -> #VALUE! | AJ87: =$N87*$AJ$10 -> #VALUE! | AK87: =$N87*$AK$10 -> #VALUE!
A88: =A87+1 -> 77 | J88: =IF(ISERROR(1000000*H88/$E$2),"",1000000*H88/$E$2) -> 0 | K88: =J88*$K$11*$N$9/1000000 -> 0 | L88: =J88*$L$11*$N$9/1000000 -> 0 | M88: =IF(I88<K88,"Cần order thêm",IF(I88>L88,"Quá nhiều hàng tồn","")) | N88: =IF(M88="Cần order thêm",L88-I88,"") | Q88: =$N88*$Q$10 -> #VALUE! | R88: =$N88*$R$10 -> #VALUE! | S88: =$N88*$S$10 -> #VALUE! | T88: =$N88*$T$10 -> #VALUE! | U88: =$N88*$U$10 -> #VALUE! | V88: =$N88*$V$10 -> #VALUE! | W88: =$N88*$W$10 -> #VALUE! | X88: =$N88*$X$10 -> #VALUE! | Y88: =$N88*$Y$10 -> #VALUE! | Z88: =$N88*$Z$10 -> #VALUE! | AA88: =$N88*$AA$10 -> #VALUE! | AB88: =$N88*$AB$10 -> #VALUE! | AC88: =$N88*$AC$10 -> #VALUE! | AD88: =$N88*$AD$10 -> #VALUE! | AE88: =$N88*$AE$10 -> #VALUE! | AF88: =$N88*$AF$10 -> #VALUE! | AG88: =$N88*$AG$10 -> #VALUE! | AH88: =$N88*$AH$10 -> #VALUE! | AI88: =$N88*$AI$10 -> #VALUE! | AJ88: =$N88*$AJ$10 -> #VALUE! | AK88: =$N88*$AK$10 -> #VALUE!
A89: =A88+1 -> 78 | J89: =IF(ISERROR(1000000*H89/$E$2),"",1000000*H89/$E$2) -> 0 | K89: =J89*$K$11*$N$9/1000000 -> 0 | L89: =J89*$L$11*$N$9/1000000 -> 0 | M89: =IF(I89<K89,"Cần order thêm",IF(I89>L89,"Quá nhiều hàng tồn","")) | N89: =IF(M89="Cần order thêm",L89-I89,"") | Q89: =$N89*$Q$10 -> #VALUE! | R89: =$N89*$R$10 -> #VALUE! | S89: =$N89*$S$10 -> #VALUE! | T89: =$N89*$T$10 -> #VALUE! | U89: =$N89*$U$10 -> #VALUE! | V89: =$N89*$V$10 -> #VALUE! | W89: =$N89*$W$10 -> #VALUE! | X89: =$N89*$X$10 -> #VALUE! | Y89: =$N89*$Y$10 -> #VALUE! | Z89: =$N89*$Z$10 -> #VALUE! | AA89: =$N89*$AA$10 -> #VALUE! | AB89: =$N89*$AB$10 -> #VALUE! | AC89: =$N89*$AC$10 -> #VALUE! | AD89: =$N89*$AD$10 -> #VALUE! | AE89: =$N89*$AE$10 -> #VALUE! | AF89: =$N89*$AF$10 -> #VALUE! | AG89: =$N89*$AG$10 -> #VALUE! | AH89: =$N89*$AH$10 -> #VALUE! | AI89: =$N89*$AI$10 -> #VALUE! | AJ89: =$N89*$AJ$10 -> #VALUE! | AK89: =$N89*$AK$10 -> #VALUE!
A90: =A89+1 -> 79 | J90: =IF(ISERROR(1000000*H90/$E$2),"",1000000*H90/$E$2) -> 0 | K90: =J90*$K$11*$N$9/1000000 -> 0 | L90: =J90*$L$11*$N$9/1000000 -> 0 | M90: =IF(I90<K90,"Cần order thêm",IF(I90>L90,"Quá nhiều hàng tồn","")) | N90: =IF(M90="Cần order thêm",L90-I90,"") | Q90: =$N90*$Q$10 -> #VALUE! | R90: =$N90*$R$10 -> #VALUE! | S90: =$N90*$S$10 -> #VALUE! | T90: =$N90*$T$10 -> #VALUE! | U90: =$N90*$U$10 -> #VALUE! | V90: =$N90*$V$10 -> #VALUE! | W90: =$N90*$W$10 -> #VALUE! | X90: =$N90*$X$10 -> #VALUE! | Y90: =$N90*$Y$10 -> #VALUE! | Z90: =$N90*$Z$10 -> #VALUE! | AA90: =$N90*$AA$10 -> #VALUE! | AB90: =$N90*$AB$10 -> #VALUE! | AC90: =$N90*$AC$10 -> #VALUE! | AD90: =$N90*$AD$10 -> #VALUE! | AE90: =$N90*$AE$10 -> #VALUE! | AF90: =$N90*$AF$10 -> #VALUE! | AG90: =$N90*$AG$10 -> #VALUE! | AH90: =$N90*$AH$10 -> #VALUE! | AI90: =$N90*$AI$10 -> #VALUE! | AJ90: =$N90*$AJ$10 -> #VALUE! | AK90: =$N90*$AK$10 -> #VALUE!
A91: =A90+1 -> 80 | J91: =IF(ISERROR(1000000*H91/$E$2),"",1000000*H91/$E$2) -> 0 | K91: =J91*$K$11*$N$9/1000000 -> 0 | L91: =J91*$L$11*$N$9/1000000 -> 0 | M91: =IF(I91<K91,"Cần order thêm",IF(I91>L91,"Quá nhiều hàng tồn","")) | N91: =IF(M91="Cần order thêm",L91-I91,"") | Q91: =$N91*$Q$10 -> #VALUE! | R91: =$N91*$R$10 -> #VALUE! | S91: =$N91*$S$10 -> #VALUE! | T91: =$N91*$T$10 -> #VALUE! | U91: =$N91*$U$10 -> #VALUE! | V91: =$N91*$V$10 -> #VALUE! | W91: =$N91*$W$10 -> #VALUE! | X91: =$N91*$X$10 -> #VALUE! | Y91: =$N91*$Y$10 -> #VALUE! | Z91: =$N91*$Z$10 -> #VALUE! | AA91: =$N91*$AA$10 -> #VALUE! | AB91: =$N91*$AB$10 -> #VALUE! | AC91: =$N91*$AC$10 -> #VALUE! | AD91: =$N91*$AD$10 -> #VALUE! | AE91: =$N91*$AE$10 -> #VALUE! | AF91: =$N91*$AF$10 -> #VALUE! | AG91: =$N91*$AG$10 -> #VALUE! | AH91: =$N91*$AH$10 -> #VALUE! | AI91: =$N91*$AI$10 -> #VALUE! | AJ91: =$N91*$AJ$10 -> #VALUE! | AK91: =$N91*$AK$10 -> #VALUE!
A92: =A91+1 -> 81 | J92: =IF(ISERROR(1000000*H92/$E$2),"",1000000*H92/$E$2) -> 0 | K92: =J92*$K$11*$N$9/1000000 -> 0 | L92: =J92*$L$11*$N$9/1000000 -> 0 | M92: =IF(I92<K92,"Cần order thêm",IF(I92>L92,"Quá nhiều hàng tồn","")) | N92: =IF(M92="Cần order thêm",L92-I92,"") | Q92: =$N92*$Q$10 -> #VALUE! | R92: =$N92*$R$10 -> #VALUE! | S92: =$N92*$S$10 -> #VALUE! | T92: =$N92*$T$10 -> #VALUE! | U92: =$N92*$U$10 -> #VALUE! | V92: =$N92*$V$10 -> #VALUE! | W92: =$N92*$W$10 -> #VALUE! | X92: =$N92*$X$10 -> #VALUE! | Y92: =$N92*$Y$10 -> #VALUE! | Z92: =$N92*$Z$10 -> #VALUE! | AA92: =$N92*$AA$10 -> #VALUE! | AB92: =$N92*$AB$10 -> #VALUE! | AC92: =$N92*$AC$10 -> #VALUE! | AD92: =$N92*$AD$10 -> #VALUE! | AE92: =$N92*$AE$10 -> #VALUE! | AF92: =$N92*$AF$10 -> #VALUE! | AG92: =$N92*$AG$10 -> #VALUE! | AH92: =$N92*$AH$10 -> #VALUE! | AI92: =$N92*$AI$10 -> #VALUE! | AJ92: =$N92*$AJ$10 -> #VALUE! | AK92: =$N92*$AK$10 -> #VALUE!
A93: =A92+1 -> 82 | J93: =IF(ISERROR(1000000*H93/$E$2),"",1000000*H93/$E$2) -> 0 | K93: =J93*$K$11*$N$9/1000000 -> 0 | L93: =J93*$L$11*$N$9/1000000 -> 0 | M93: =IF(I93<K93,"Cần order thêm",IF(I93>L93,"Quá nhiều hàng tồn","")) | N93: =IF(M93="Cần order thêm",L93-I93,"") | Q93: =$N93*$Q$10 -> #VALUE! | R93: =$N93*$R$10 -> #VALUE! | S93: =$N93*$S$10 -> #VALUE! | T93: =$N93*$T$10 -> #VALUE! | U93: =$N93*$U$10 -> #VALUE! | V93: =$N93*$V$10 -> #VALUE! | W93: =$N93*$W$10 -> #VALUE! | X93: =$N93*$X$10 -> #VALUE! | Y93: =$N93*$Y$10 -> #VALUE! | Z93: =$N93*$Z$10 -> #VALUE! | AA93: =$N93*$AA$10 -> #VALUE! | AB93: =$N93*$AB$10 -> #VALUE! | AC93: =$N93*$AC$10 -> #VALUE! | AD93: =$N93*$AD$10 -> #VALUE! | AE93: =$N93*$AE$10 -> #VALUE! | AF93: =$N93*$AF$10 -> #VALUE! | AG93: =$N93*$AG$10 -> #VALUE! | AH93: =$N93*$AH$10 -> #VALUE! | AI93: =$N93*$AI$10 -> #VALUE! | AJ93: =$N93*$AJ$10 -> #VALUE! | AK93: =$N93*$AK$10 -> #VALUE!
A94: =A93+1 -> 83 | J94: =IF(ISERROR(1000000*H94/$E$2),"",1000000*H94/$E$2) -> 0 | K94: =J94*$K$11*$N$9/1000000 -> 0 | L94: =J94*$L$11*$N$9/1000000 -> 0 | M94: =IF(I94<K94,"Cần order thêm",IF(I94>L94,"Quá nhiều hàng tồn","")) | N94: =IF(M94="Cần order thêm",L94-I94,"") | Q94: =$N94*$Q$10 -> #VALUE! | R94: =$N94*$R$10 -> #VALUE! | S94: =$N94*$S$10 -> #VALUE! | T94: =$N94*$T$10 -> #VALUE! | U94: =$N94*$U$10 -> #VALUE! | V94: =$N94*$V$10 -> #VALUE! | W94: =$N94*$W$10 -> #VALUE! | X94: =$N94*$X$10 -> #VALUE! | Y94: =$N94*$Y$10 -> #VALUE! | Z94: =$N94*$Z$10 -> #VALUE! | AA94: =$N94*$AA$10 -> #VALUE! | AB94: =$N94*$AB$10 -> #VALUE! | AC94: =$N94*$AC$10 -> #VALUE! | AD94: =$N94*$AD$10 -> #VALUE! | AE94: =$N94*$AE$10 -> #VALUE! | AF94: =$N94*$AF$10 -> #VALUE! | AG94: =$N94*$AG$10 -> #VALUE! | AH94: =$N94*$AH$10 -> #VALUE! | AI94: =$N94*$AI$10 -> #VALUE! | AJ94: =$N94*$AJ$10 -> #VALUE! | AK94: =$N94*$AK$10 -> #VALUE!
A95: =A94+1 -> 84 | J95: =IF(ISERROR(1000000*H95/$E$2),"",1000000*H95/$E$2) -> 0 | K95: =J95*$K$11*$N$9/1000000 -> 0 | L95: =J95*$L$11*$N$9/1000000 -> 0 | M95: =IF(I95<K95,"Cần order thêm",IF(I95>L95,"Quá nhiều hàng tồn","")) | N95: =IF(M95="Cần order thêm",L95-I95,"") | Q95: =$N95*$Q$10 -> #VALUE! | R95: =$N95*$R$10 -> #VALUE! | S95: =$N95*$S$10 -> #VALUE! | T95: =$N95*$T$10 -> #VALUE! | U95: =$N95*$U$10 -> #VALUE! | V95: =$N95*$V$10 -> #VALUE! | W95: =$N95*$W$10 -> #VALUE! | X95: =$N95*$X$10 -> #VALUE! | Y95: =$N95*$Y$10 -> #VALUE! | Z95: =$N95*$Z$10 -> #VALUE! | AA95: =$N95*$AA$10 -> #VALUE! | AB95: =$N95*$AB$10 -> #VALUE! | AC95: =$N95*$AC$10 -> #VALUE! | AD95: =$N95*$AD$10 -> #VALUE! | AE95: =$N95*$AE$10 -> #VALUE! | AF95: =$N95*$AF$10 -> #VALUE! | AG95: =$N95*$AG$10 -> #VALUE! | AH95: =$N95*$AH$10 -> #VALUE! | AI95: =$N95*$AI$10 -> #VALUE! | AJ95: =$N95*$AJ$10 -> #VALUE! | AK95: =$N95*$AK$10 -> #VALUE!
A96: =A95+1 -> 85 | J96: =IF(ISERROR(1000000*H96/$E$2),"",1000000*H96/$E$2) -> 0 | K96: =J96*$K$11*$N$9/1000000 -> 0 | L96: =J96*$L$11*$N$9/1000000 -> 0 | M96: =IF(I96<K96,"Cần order thêm",IF(I96>L96,"Quá nhiều hàng tồn","")) | N96: =IF(M96="Cần order thêm",L96-I96,"") | Q96: =$N96*$Q$10 -> #VALUE! | R96: =$N96*$R$10 -> #VALUE! | S96: =$N96*$S$10 -> #VALUE! | T96: =$N96*$T$10 -> #VALUE! | U96: =$N96*$U$10 -> #VALUE! | V96: =$N96*$V$10 -> #VALUE! | W96: =$N96*$W$10 -> #VALUE! | X96: =$N96*$X$10 -> #VALUE! | Y96: =$N96*$Y$10 -> #VALUE! | Z96: =$N96*$Z$10 -> #VALUE! | AA96: =$N96*$AA$10 -> #VALUE! | AB96: =$N96*$AB$10 -> #VALUE! | AC96: =$N96*$AC$10 -> #VALUE! | AD96: =$N96*$AD$10 -> #VALUE! | AE96: =$N96*$AE$10 -> #VALUE! | AF96: =$N96*$AF$10 -> #VALUE! | AG96: =$N96*$AG$10 -> #VALUE! | AH96: =$N96*$AH$10 -> #VALUE! | AI96: =$N96*$AI$10 -> #VALUE! | AJ96: =$N96*$AJ$10 -> #VALUE! | AK96: =$N96*$AK$10 -> #VALUE!
... A277: =A276+1 -> 266 | J277: =IF(ISERROR(1000000*H277/$E$2),"",1000000*H277/$E$2) -> 0 | K277: =J277*$K$11*$N$9/1000000 -> 0 | L277: =J277*$L$11*$N$9/1000000 -> 0 | M277: =IF(I277<K277,"Cần order thêm",IF(I277>L277,"Quá nhiều hàng tồn","")) | N277: =IF(M277="Cần order thêm",L277-I277,"") | Q277: =$N277*$Q$10 -> #VALUE! | R277: =$N277*$R$10 -> #VALUE! | S277: =$N277*$S$10 -> #VALUE! | T277: =$N277*$T$10 -> #VALUE! | U277: =$N277*$U$10 -> #VALUE! | V277: =$N277*$V$10 -> #VALUE! | W277: =$N277*$W$10 -> #VALUE! | X277: =$N277*$X$10 -> #VALUE! | Y277: =$N277*$Y$10 -> #VALUE! | Z277: =$N277*$Z$10 -> #VALUE! | AA277: =$N277*$AA$10 -> #VALUE! | AB277: =$N277*$AB$10 -> #VALUE! | AC277: =$N277*$AC$10 -> #VALUE! | AD277: =$N277*$AD$10 -> #VALUE! | AE277: =$N277*$AE$10 -> #VALUE! | AF277: =$N277*$AF$10 -> #VALUE! | AG277: =$N277*$AG$10 -> #VALUE! | AH277: =$N277*$AH$10 -> #VALUE! | AI277: =$N277*$AI$10 -> #VALUE! | AJ277: =$N277*$AJ$10 -> #VALUE! | AK277: =$N277*$AK$10 -> #VALUE!

Sheet ĐƠN COCA
A2: DOANH THU THÁNG | E2: ='ĐƠN RAU'!E2 -> 10000000 | H2: CÔNG TY TNHH KIDO EDU
H4: Trường : | I4: KIDO | Q4: Weekly Sales Trend | AM4: NCC/CK | AO4: CK | AQ4: CK | AS4: CK | AU4: NCC | AW4: CK
F6: Kế hoạch đặt hàng hóa trong Tháng | Q6: 35000000 | R6: 35000000 | X6: 30000000 | Y6: 30000000 | Z6: 30000000 | AA6: 45000000 | AB6: 45000000 | AC6: 70000000 | AD6: 70000000 | AE6: 70000000 | AF6: 60000000 | AG6: 40000000 | AH6: 40000000 | AI6: 60000000 | AJ6: 60000000 | AK6: 50000000 | AM6: 28 TET | AO6: MUNG 2 | AQ6: MUNG 3 | AS6: MUNG 5 | AU6: MUNG 6 | AW6: MUNG 9
Q7: PHÂN BỔ SỐ LƯỢNG HÀNG NHẬP TRONG TUẦN | AM7: D1 | AO7: D2 | AQ7: D' | AS7: D3 | AU7: D2 | AW7: D4
X8: 27 Tết | Y8: 28 Tết | Z8: 29 Tết | AA8: 30 Tết | AB8: Mùng 1 | AC8: Mùng 2 | AD8: Mùng 3 | AE8: Mùng 4 | AF8: Mùng 5 | AG8: Mùng 6 | AH8: Mùng 7 | AI8: Mùng 8 | AJ8: Mùng 9 | AK8: Mùng 10 | AQ8: HANG NHAP GUI TAI CK
A9: STT | B9: NHÓM | C9: TÊN NHÀ CUNG CẤP | D9: CODE POS | E9: TÊN HÀNG | F9: ĐVT | G9: MOQ | H9: Số xuất dùng của tháng theo doanh thu | I9: Tồn Kiểm Kê | J9: Plan Sales cho thời gian nhập hàng tới: | N9: ='FC SALE'!D15 -> 33000000 | O9: Số cần đặt sau điều chỉnh ( nhập Phần Mềm) | Q9: 44228 | R9: =Q9+1 -> 44229 | S9: =R9+1 -> 44230 | T9: =S9+1 -> 44231 | U9: =T9+1 -> 44232 | V9: =U9+1 -> 44233 | W9: =V9+1 -> 44234 | X9: =W9+1 -> 44235 | Y9: =X9+1 -> 44236 | ... AK9: =AJ9+1 -> 44248 | AZ9: Số cần đặt sau điều chỉnh
J10: Usage per Mil | K10: Min | L10: Max | M10: Báo động | N10: Số cần đặt thêm | Q10: =Q6/$N$9 -> 1.0606061 | R10: =R6/$N$9 -> 1.0606061 | S10: =S6/$N$9 -> 0 | T10: =T6/$N$9 -> 0 | U10: =U6/$N$9 -> 0 | V10: =V6/$N$9 -> 0 | W10: =W6/$N$9 -> 0 | X10: =X6/$N$9 -> 0.90909091 | ... AK10: =AK6/$N$9 -> 1.5151515
K11: 1.2 | L11: 1.5
A12: 1 | H12: 3 | I12: 10 | J12: =IF(ISERROR(1000000*H12/$E$2),"",1000000*H12/$E$2) -> 0.3 | K12: =J12*$K$11*$N$9/1000000 -> 11.88 | L12: =J12*$L$11*$N$9/1000000 -> 14.85 | M12: =IF(I12<K12,"Cần order thêm",IF(I12>L12,"Quá nhiều hàng tồn","")) -> Cần order thêm | N12: =IF(M12="Cần order thêm",L12-I12,"") -> 4.85 | Q12: =$N12*$Q$10 -> 5.1439394 | R12: =$N12*$R$10 -> 5.1439394 | S12: =$N12*$S$10 -> 0 | T12: =$N12*$T$10 -> 0 | U12: =$N12*$U$10 -> 0 | V12: =$N12*$V$10 -> 0 | W12: =$N12*$W$10 -> 0 | X12: =$N12*$X$10 -> 4.4090909 | Y12: =$N12*$Y$10 -> 4.4090909 | Z12: =$N12*$Z$10 -> 4.4090909 | AA12: =$N12*$AA$10 -> 6.6136364 | AB12: =$N12*$AB$10 -> 6.6136364 | AC12: =$N12*$AC$10 -> 10.287879 | AD12: =$N12*$AD$10 -> 10.287879 | AE12: =$N12*$AE$10 -> 10.287879 | AF12: =$N12*$AF$10 -> 8.8181818 | AG12: =$N12*$AG$10 -> 5.8787879 | AH12: =$N12*$AH$10 -> 5.8787879 | AI12: =$N12*$AI$10 -> 8.8181818 | AJ12: =$N12*$AJ$10 -> 8.8181818 | AK12: =$N12*$AK$10 -> 7.3484848
A13: =A12+1 -> 2 | J13: =IF(ISERROR(1000000*H13/$E$2),"",1000000*H13/$E$2) -> 0 | K13: =J13*$K$11*$N$9/1000000 -> 0 | L13: =J13*$L$11*$N$9/1000000 -> 0 | M13: =IF(I13<K13,"Cần order thêm",IF(I13>L13,"Quá nhiều hàng tồn","")) | N13: =IF(M13="Cần order thêm",L13-I13,"") | Q13: =$N13*$Q$10 -> #VALUE! | R13: =$N13*$R$10 -> #VALUE! | S13: =$N13*$S$10 -> #VALUE! | T13: =$N13*$T$10 -> #VALUE! | U13: =$N13*$U$10 -> #VALUE! | V13: =$N13*$V$10 -> #VALUE! | W13: =$N13*$W$10 -> #VALUE! | X13: =$N13*$X$10 -> #VALUE! | Y13: =$N13*$Y$10 -> #VALUE! | Z13: =$N13*$Z$10 -> #VALUE! | AA13: =$N13*$AA$10 -> #VALUE! | AB13: =$N13*$AB$10 -> #VALUE! | AC13: =$N13*$AC$10 -> #VALUE! | AD13: =$N13*$AD$10 -> #VALUE! | AE13: =$N13*$AE$10 -> #VALUE! | AF13: =$N13*$AF$10 -> #VALUE! | AG13: =$N13*$AG$10 -> #VALUE! | AH13: =$N13*$AH$10 -> #VALUE! | AI13: =$N13*$AI$10 -> #VALUE! | AJ13: =$N13*$AJ$10 -> #VALUE! | AK13: =$N13*$AK$10 -> #VALUE!
A14: =A13+1 -> 3 | J14: =IF(ISERROR(1000000*H14/$E$2),"",1000000*H14/$E$2) -> 0 | K14: =J14*$K$11*$N$9/1000000 -> 0 | L14: =J14*$L$11*$N$9/1000000 -> 0 | M14: =IF(I14<K14,"Cần order thêm",IF(I14>L14,"Quá nhiều hàng tồn","")) | N14: =IF(M14="Cần order thêm",L14-I14,"") | Q14: =$N14*$Q$10 -> #VALUE! | R14: =$N14*$R$10 -> #VALUE! | S14: =$N14*$S$10 -> #VALUE! | T14: =$N14*$T$10 -> #VALUE! | U14: =$N14*$U$10 -> #VALUE! | V14: =$N14*$V$10 -> #VALUE! | W14: =$N14*$W$10 -> #VALUE! | X14: =$N14*$X$10 -> #VALUE! | Y14: =$N14*$Y$10 -> #VALUE! | Z14: =$N14*$Z$10 -> #VALUE! | AA14: =$N14*$AA$10 -> #VALUE! | AB14: =$N14*$AB$10 -> #VALUE! | AC14: =$N14*$AC$10 -> #VALUE! | AD14: =$N14*$AD$10 -> #VALUE! | AE14: =$N14*$AE$10 -> #VALUE! | AF14: =$N14*$AF$10 -> #VALUE! | AG14: =$N14*$AG$10 -> #VALUE! | AH14: =$N14*$AH$10 -> #VALUE! | AI14: =$N14*$AI$10 -> #VALUE! | AJ14: =$N14*$AJ$10 -> #VALUE! | AK14: =$N14*$AK$10 -> #VALUE!
A15: =A14+1 -> 4 | J15: =IF(ISERROR(1000000*H15/$E$2),"",1000000*H15/$E$2) -> 0 | K15: =J15*$K$11*$N$9/1000000 -> 0 | L15: =J15*$L$11*$N$9/1000000 -> 0 | M15: =IF(I15<K15,"Cần order thêm",IF(I15>L15,"Quá nhiều hàng tồn","")) | N15: =IF(M15="Cần order thêm",L15-I15,"") | Q15: =$N15*$Q$10 -> #VALUE! | R15: =$N15*$R$10 -> #VALUE! | S15: =$N15*$S$10 -> #VALUE! | T15: =$N15*$T$10 -> #VALUE! | U15: =$N15*$U$10 -> #VALUE! | V15: =$N15*$V$10 -> #VALUE! | W15: =$N15*$W$10 -> #VALUE! | X15: =$N15*$X$10 -> #VALUE! | Y15: =$N15*$Y$10 -> #VALUE! | Z15: =$N15*$Z$10 -> #VALUE! | AA15: =$N15*$AA$10 -> #VALUE! | AB15: =$N15*$AB$10 -> #VALUE! | AC15: =$N15*$AC$10 -> #VALUE! | AD15: =$N15*$AD$10 -> #VALUE! | AE15: =$N15*$AE$10 -> #VALUE! | AF15: =$N15*$AF$10 -> #VALUE! | AG15: =$N15*$AG$10 -> #VALUE! | AH15: =$N15*$AH$10 -> #VALUE! | AI15: =$N15*$AI$10 -> #VALUE! | AJ15: =$N15*$AJ$10 -> #VALUE! | AK15: =$N15*$AK$10 -> #VALUE!
A16: =A15+1 -> 5 | J16: =IF(ISERROR(1000000*H16/$E$2),"",1000000*H16/$E$2) -> 0 | K16: =J16*$K$11*$N$9/1000000 -> 0 | L16: =J16*$L$11*$N$9/1000000 -> 0 | M16: =IF(I16<K16,"Cần order thêm",IF(I16>L16,"Quá nhiều hàng tồn","")) | N16: =IF(M16="Cần order thêm",L16-I16,"") | Q16: =$N16*$Q$10 -> #VALUE! | R16: =$N16*$R$10 -> #VALUE! | S16: =$N16*$S$10 -> #VALUE! | T16: =$N16*$T$10 -> #VALUE! | U16: =$N16*$U$10 -> #VALUE! | V16: =$N16*$V$10 -> #VALUE! | W16: =$N16*$W$10 -> #VALUE! | X16: =$N16*$X$10 -> #VALUE! | Y16: =$N16*$Y$10 -> #VALUE! | Z16: =$N16*$Z$10 -> #VALUE! | AA16: =$N16*$AA$10 -> #VALUE! | AB16: =$N16*$AB$10 -> #VALUE! | AC16: =$N16*$AC$10 -> #VALUE! | AD16: =$N16*$AD$10 -> #VALUE! | AE16: =$N16*$AE$10 -> #VALUE! | AF16: =$N16*$AF$10 -> #VALUE! | AG16: =$N16*$AG$10 -> #VALUE! | AH16: =$N16*$AH$10 -> #VALUE! | AI16: =$N16*$AI$10 -> #VALUE! | AJ16: =$N16*$AJ$10 -> #VALUE! | AK16: =$N16*$AK$10 -> #VALUE!
A17: =A16+1 -> 6 | J17: =IF(ISERROR(1000000*H17/$E$2),"",1000000*H17/$E$2) -> 0 | K17: =J17*$K$11*$N$9/1000000 -> 0 | L17: =J17*$L$11*$N$9/1000000 -> 0 | M17: =IF(I17<K17,"Cần order thêm",IF(I17>L17,"Quá nhiều hàng tồn","")) | N17: =IF(M17="Cần order thêm",L17-I17,"") | Q17: =$N17*$Q$10 -> #VALUE! | R17: =$N17*$R$10 -> #VALUE! | S17: =$N17*$S$10 -> #VALUE! | T17: =$N17*$T$10 -> #VALUE! | U17: =$N17*$U$10 -> #VALUE! | V17: =$N17*$V$10 -> #VALUE! | W17: =$N17*$W$10 -> #VALUE! | X17: =$N17*$X$10 -> #VALUE! | Y17: =$N17*$Y$10 -> #VALUE! | Z17: =$N17*$Z$10 -> #VALUE! | AA17: =$N17*$AA$10 -> #VALUE! | AB17: =$N17*$AB$10 -> #VALUE! | AC17: =$N17*$AC$10 -> #VALUE! | AD17: =$N17*$AD$10 -> #VALUE! | AE17: =$N17*$AE$10 -> #VALUE! | AF17: =$N17*$AF$10 -> #VALUE! | AG17: =$N17*$AG$10 -> #VALUE! | AH17: =$N17*$AH$10 -> #VALUE! | AI17: =$N17*$AI$10 -> #VALUE! | AJ17: =$N17*$AJ$10 -> #VALUE! | AK17: =$N17*$AK$10 -> #VALUE!
A18: =#REF!+1 -> #REF! | J18: =IF(ISERROR(1000000*H18/$E$2),"",1000000*H18/$E$2) -> 0 | K18: =J18*$K$11*$N$9/1000000 -> 0 | L18: =J18*$L$11*$N$9/1000000 -> 0 | M18: =IF(I18<K18,"Cần order thêm",IF(I18>L18,"Quá nhiều hàng tồn","")) | N18: =IF(M18="Cần order thêm",L18-I18,"") | Q18: =$N18*$Q$10 -> #VALUE! | R18: =$N18*$R$10 -> #VALUE! | S18: =$N18*$S$10 -> #VALUE! | T18: =$N18*$T$10 -> #VALUE! | U18: =$N18*$U$10 -> #VALUE! | V18: =$N18*$V$10 -> #VALUE! | W18: =$N18*$W$10 -> #VALUE! | X18: =$N18*$X$10 -> #VALUE! | Y18: =$N18*$Y$10 -> #VALUE! | Z18: =$N18*$Z$10 -> #VALUE! | AA18: =$N18*$AA$10 -> #VALUE! | AB18: =$N18*$AB$10 -> #VALUE! | AC18: =$N18*$AC$10 -> #VALUE! | AD18: =$N18*$AD$10 -> #VALUE! | AE18: =$N18*$AE$10 -> #VALUE! | AF18: =$N18*$AF$10 -> #VALUE! | AG18: =$N18*$AG$10 -> #VALUE! | AH18: =$N18*$AH$10 -> #VALUE! | AI18: =$N18*$AI$10 -> #VALUE! | AJ18: =$N18*$AJ$10 -> #VALUE! | AK18: =$N18*$AK$10 -> #VALUE!
A19: =A18+1 -> #REF! | J19: =IF(ISERROR(1000000*H19/$E$2),"",1000000*H19/$E$2) -> 0 | K19: =J19*$K$11*$N$9/1000000 -> 0 | L19: =J19*$L$11*$N$9/1000000 -> 0 | M19: =IF(I19<K19,"Cần order thêm",IF(I19>L19,"Quá nhiều hàng tồn","")) | N19: =IF(M19="Cần order thêm",L19-I19,"") | Q19: =$N19*$Q$10 -> #VALUE! | R19: =$N19*$R$10 -> #VALUE! | S19: =$N19*$S$10 -> #VALUE! | T19: =$N19*$T$10 -> #VALUE! | U19: =$N19*$U$10 -> #VALUE! | V19: =$N19*$V$10 -> #VALUE! | W19: =$N19*$W$10 -> #VALUE! | X19: =$N19*$X$10 -> #VALUE! | Y19: =$N19*$Y$10 -> #VALUE! | Z19: =$N19*$Z$10 -> #VALUE! | AA19: =$N19*$AA$10 -> #VALUE! | AB19: =$N19*$AB$10 -> #VALUE! | AC19: =$N19*$AC$10 -> #VALUE! | AD19: =$N19*$AD$10 -> #VALUE! | AE19: =$N19*$AE$10 -> #VALUE! | AF19: =$N19*$AF$10 -> #VALUE! | AG19: =$N19*$AG$10 -> #VALUE! | AH19: =$N19*$AH$10 -> #VALUE! | AI19: =$N19*$AI$10 -> #VALUE! | AJ19: =$N19*$AJ$10 -> #VALUE! | AK19: =$N19*$AK$10 -> #VALUE!
A20: =A19+1 -> #REF! | J20: =IF(ISERROR(1000000*H20/$E$2),"",1000000*H20/$E$2) -> 0 | K20: =J20*$K$11*$N$9/1000000 -> 0 | L20: =J20*$L$11*$N$9/1000000 -> 0 | M20: =IF(I20<K20,"Cần order thêm",IF(I20>L20,"Quá nhiều hàng tồn","")) | N20: =IF(M20="Cần order thêm",L20-I20,"") | Q20: =$N20*$Q$10 -> #VALUE! | R20: =$N20*$R$10 -> #VALUE! | S20: =$N20*$S$10 -> #VALUE! | T20: =$N20*$T$10 -> #VALUE! | U20: =$N20*$U$10 -> #VALUE! | V20: =$N20*$V$10 -> #VALUE! | W20: =$N20*$W$10 -> #VALUE! | X20: =$N20*$X$10 -> #VALUE! | Y20: =$N20*$Y$10 -> #VALUE! | Z20: =$N20*$Z$10 -> #VALUE! | AA20: =$N20*$AA$10 -> #VALUE! | AB20: =$N20*$AB$10 -> #VALUE! | AC20: =$N20*$AC$10 -> #VALUE! | AD20: =$N20*$AD$10 -> #VALUE! | AE20: =$N20*$AE$10 -> #VALUE! | AF20: =$N20*$AF$10 -> #VALUE! | AG20: =$N20*$AG$10 -> #VALUE! | AH20: =$N20*$AH$10 -> #VALUE! | AI20: =$N20*$AI$10 -> #VALUE! | AJ20: =$N20*$AJ$10 -> #VALUE! | AK20: =$N20*$AK$10 -> #VALUE!
A21: =A20+1 -> #REF! | J21: =IF(ISERROR(1000000*H21/$E$2),"",1000000*H21/$E$2) -> 0 | K21: =J21*$K$11*$N$9/1000000 -> 0 | L21: =J21*$L$11*$N$9/1000000 -> 0 | M21: =IF(I21<K21,"Cần order thêm",IF(I21>L21,"Quá nhiều hàng tồn","")) | N21: =IF(M21="Cần order thêm",L21-I21,"") | Q21: =$N21*$Q$10 -> #VALUE! | R21: =$N21*$R$10 -> #VALUE! | S21: =$N21*$S$10 -> #VALUE! | T21: =$N21*$T$10 -> #VALUE! | U21: =$N21*$U$10 -> #VALUE! | V21: =$N21*$V$10 -> #VALUE! | W21: =$N21*$W$10 -> #VALUE! | X21: =$N21*$X$10 -> #VALUE! | Y21: =$N21*$Y$10 -> #VALUE! | Z21: =$N21*$Z$10 -> #VALUE! | AA21: =$N21*$AA$10 -> #VALUE! | AB21: =$N21*$AB$10 -> #VALUE! | AC21: =$N21*$AC$10 -> #VALUE! | AD21: =$N21*$AD$10 -> #VALUE! | AE21: =$N21*$AE$10 -> #VALUE! | AF21: =$N21*$AF$10 -> #VALUE! | AG21: =$N21*$AG$10 -> #VALUE! | AH21: =$N21*$AH$10 -> #VALUE! | AI21: =$N21*$AI$10 -> #VALUE! | AJ21: =$N21*$AJ$10 -> #VALUE! | AK21: =$N21*$AK$10 -> #VALUE!
A22: =A21+1 -> #REF! | J22: =IF(ISERROR(1000000*H22/$E$2),"",1000000*H22/$E$2) -> 0 | K22: =J22*$K$11*$N$9/1000000 -> 0 | L22: =J22*$L$11*$N$9/1000000 -> 0 | M22: =IF(I22<K22,"Cần order thêm",IF(I22>L22,"Quá nhiều hàng tồn","")) | N22: =IF(M22="Cần order thêm",L22-I22,"") | Q22: =$N22*$Q$10 -> #VALUE! | R22: =$N22*$R$10 -> #VALUE! | S22: =$N22*$S$10 -> #VALUE! | T22: =$N22*$T$10 -> #VALUE! | U22: =$N22*$U$10 -> #VALUE! | V22: =$N22*$V$10 -> #VALUE! | W22: =$N22*$W$10 -> #VALUE! | X22: =$N22*$X$10 -> #VALUE! | Y22: =$N22*$Y$10 -> #VALUE! | Z22: =$N22*$Z$10 -> #VALUE! | AA22: =$N22*$AA$10 -> #VALUE! | AB22: =$N22*$AB$10 -> #VALUE! | AC22: =$N22*$AC$10 -> #VALUE! | AD22: =$N22*$AD$10 -> #VALUE! | AE22: =$N22*$AE$10 -> #VALUE! | AF22: =$N22*$AF$10 -> #VALUE! | AG22: =$N22*$AG$10 -> #VALUE! | AH22: =$N22*$AH$10 -> #VALUE! | AI22: =$N22*$AI$10 -> #VALUE! | AJ22: =$N22*$AJ$10 -> #VALUE! | AK22: =$N22*$AK$10 -> #VALUE!
A23: =A22+1 -> #REF! | J23: =IF(ISERROR(1000000*H23/$E$2),"",1000000*H23/$E$2) -> 0 | K23: =J23*$K$11*$N$9/1000000 -> 0 | L23: =J23*$L$11*$N$9/1000000 -> 0 | M23: =IF(I23<K23,"Cần order thêm",IF(I23>L23,"Quá nhiều hàng tồn","")) | N23: =IF(M23="Cần order thêm",L23-I23,"") | Q23: =$N23*$Q$10 -> #VALUE! | R23: =$N23*$R$10 -> #VALUE! | S23: =$N23*$S$10 -> #VALUE! | T23: =$N23*$T$10 -> #VALUE! | U23: =$N23*$U$10 -> #VALUE! | V23: =$N23*$V$10 -> #VALUE! | W23: =$N23*$W$10 -> #VALUE! | X23: =$N23*$X$10 -> #VALUE! | Y23: =$N23*$Y$10 -> #VALUE! | Z23: =$N23*$Z$10 -> #VALUE! | AA23: =$N23*$AA$10 -> #VALUE! | AB23: =$N23*$AB$10 -> #VALUE! | AC23: =$N23*$AC$10 -> #VALUE! | AD23: =$N23*$AD$10 -> #VALUE! | AE23: =$N23*$AE$10 -> #VALUE! | AF23: =$N23*$AF$10 -> #VALUE! | AG23: =$N23*$AG$10 -> #VALUE! | AH23: =$N23*$AH$10 -> #VALUE! | AI23: =$N23*$AI$10 -> #VALUE! | AJ23: =$N23*$AJ$10 -> #VALUE! | AK23: =$N23*$AK$10 -> #VALUE!
A24: =A23+1 -> #REF! | J24: =IF(ISERROR(1000000*H24/$E$2),"",1000000*H24/$E$2) -> 0 | K24: =J24*$K$11*$N$9/1000000 -> 0 | L24: =J24*$L$11*$N$9/1000000 -> 0 | M24: =IF(I24<K24,"Cần order thêm",IF(I24>L24,"Quá nhiều hàng tồn","")) | N24: =IF(M24="Cần order thêm",L24-I24,"") | Q24: =$N24*$Q$10 -> #VALUE! | R24: =$N24*$R$10 -> #VALUE! | S24: =$N24*$S$10 -> #VALUE! | T24: =$N24*$T$10 -> #VALUE! | U24: =$N24*$U$10 -> #VALUE! | V24: =$N24*$V$10 -> #VALUE! | W24: =$N24*$W$10 -> #VALUE! | X24: =$N24*$X$10 -> #VALUE! | Y24: =$N24*$Y$10 -> #VALUE! | Z24: =$N24*$Z$10 -> #VALUE! | AA24: =$N24*$AA$10 -> #VALUE! | AB24: =$N24*$AB$10 -> #VALUE! | AC24: =$N24*$AC$10 -> #VALUE! | AD24: =$N24*$AD$10 -> #VALUE! | AE24: =$N24*$AE$10 -> #VALUE! | AF24: =$N24*$AF$10 -> #VALUE! | AG24: =$N24*$AG$10 -> #VALUE! | AH24: =$N24*$AH$10 -> #VALUE! | AI24: =$N24*$AI$10 -> #VALUE! | AJ24: =$N24*$AJ$10 -> #VALUE! | AK24: =$N24*$AK$10 -> #VALUE!
A25: =A24+1 -> #REF! | J25: =IF(ISERROR(1000000*H25/$E$2),"",1000000*H25/$E$2) -> 0 | K25: =J25*$K$11*$N$9/1000000 -> 0 | L25: =J25*$L$11*$N$9/1000000 -> 0 | M25: =IF(I25<K25,"Cần order thêm",IF(I25>L25,"Quá nhiều hàng tồn","")) | N25: =IF(M25="Cần order thêm",L25-I25,"") | Q25: =$N25*$Q$10 -> #VALUE! | R25: =$N25*$R$10 -> #VALUE! | S25: =$N25*$S$10 -> #VALUE! | T25: =$N25*$T$10 -> #VALUE! | U25: =$N25*$U$10 -> #VALUE! | V25: =$N25*$V$10 -> #VALUE! | W25: =$N25*$W$10 -> #VALUE! | X25: =$N25*$X$10 -> #VALUE! | Y25: =$N25*$Y$10 -> #VALUE! | Z25: =$N25*$Z$10 -> #VALUE! | AA25: =$N25*$AA$10 -> #VALUE! | AB25: =$N25*$AB$10 -> #VALUE! | AC25: =$N25*$AC$10 -> #VALUE! | AD25: =$N25*$AD$10 -> #VALUE! | AE25: =$N25*$AE$10 -> #VALUE! | AF25: =$N25*$AF$10 -> #VALUE! | AG25: =$N25*$AG$10 -> #VALUE! | AH25: =$N25*$AH$10 -> #VALUE! | AI25: =$N25*$AI$10 -> #VALUE! | AJ25: =$N25*$AJ$10 -> #VALUE! | AK25: =$N25*$AK$10 -> #VALUE!
A26: =A25+1 -> #REF! | J26: =IF(ISERROR(1000000*H26/$E$2),"",1000000*H26/$E$2) -> 0 | K26: =J26*$K$11*$N$9/1000000 -> 0 | L26: =J26*$L$11*$N$9/1000000 -> 0 | M26: =IF(I26<K26,"Cần order thêm",IF(I26>L26,"Quá nhiều hàng tồn","")) | N26: =IF(M26="Cần order thêm",L26-I26,"") | Q26: =$N26*$Q$10 -> #VALUE! | R26: =$N26*$R$10 -> #VALUE! | S26: =$N26*$S$10 -> #VALUE! | T26: =$N26*$T$10 -> #VALUE! | U26: =$N26*$U$10 -> #VALUE! | V26: =$N26*$V$10 -> #VALUE! | W26: =$N26*$W$10 -> #VALUE! | X26: =$N26*$X$10 -> #VALUE! | Y26: =$N26*$Y$10 -> #VALUE! | Z26: =$N26*$Z$10 -> #VALUE! | AA26: =$N26*$AA$10 -> #VALUE! | AB26: =$N26*$AB$10 -> #VALUE! | AC26: =$N26*$AC$10 -> #VALUE! | AD26: =$N26*$AD$10 -> #VALUE! | AE26: =$N26*$AE$10 -> #VALUE! | AF26: =$N26*$AF$10 -> #VALUE! | AG26: =$N26*$AG$10 -> #VALUE! | AH26: =$N26*$AH$10 -> #VALUE! | AI26: =$N26*$AI$10 -> #VALUE! | AJ26: =$N26*$AJ$10 -> #VALUE! | AK26: =$N26*$AK$10 -> #VALUE!
A27: =A26+1 -> #REF! | J27: =IF(ISERROR(1000000*H27/$E$2),"",1000000*H27/$E$2) -> 0 | K27: =J27*$K$11*$N$9/1000000 -> 0 | L27: =J27*$L$11*$N$9/1000000 -> 0 | M27: =IF(I27<K27,"Cần order thêm",IF(I27>L27,"Quá nhiều hàng tồn","")) | N27: =IF(M27="Cần order thêm",L27-I27,"") | Q27: =$N27*$Q$10 -> #VALUE! | R27: =$N27*$R$10 -> #VALUE! | S27: =$N27*$S$10 -> #VALUE! | T27: =$N27*$T$10 -> #VALUE! | U27: =$N27*$U$10 -> #VALUE! | V27: =$N27*$V$10 -> #VALUE! | W27: =$N27*$W$10 -> #VALUE! | X27: =$N27*$X$10 -> #VALUE! | Y27: =$N27*$Y$10 -> #VALUE! | Z27: =$N27*$Z$10 -> #VALUE! | AA27: =$N27*$AA$10 -> #VALUE! | AB27: =$N27*$AB$10 -> #VALUE! | AC27: =$N27*$AC$10 -> #VALUE! | AD27: =$N27*$AD$10 -> #VALUE! | AE27: =$N27*$AE$10 -> #VALUE! | AF27: =$N27*$AF$10 -> #VALUE! | AG27: =$N27*$AG$10 -> #VALUE! | AH27: =$N27*$AH$10 -> #VALUE! | AI27: =$N27*$AI$10 -> #VALUE! | AJ27: =$N27*$AJ$10 -> #VALUE! | AK27: =$N27*$AK$10 -> #VALUE!
A28: =A27+1 -> #REF! | J28: =IF(ISERROR(1000000*H28/$E$2),"",1000000*H28/$E$2) -> 0 | K28: =J28*$K$11*$N$9/1000000 -> 0 | L28: =J28*$L$11*$N$9/1000000 -> 0 | M28: =IF(I28<K28,"Cần order thêm",IF(I28>L28,"Quá nhiều hàng tồn","")) | N28: =IF(M28="Cần order thêm",L28-I28,"") | Q28: =$N28*$Q$10 -> #VALUE! | R28: =$N28*$R$10 -> #VALUE! | S28: =$N28*$S$10 -> #VALUE! | T28: =$N28*$T$10 -> #VALUE! | U28: =$N28*$U$10 -> #VALUE! | V28: =$N28*$V$10 -> #VALUE! | W28: =$N28*$W$10 -> #VALUE! | X28: =$N28*$X$10 -> #VALUE! | Y28: =$N28*$Y$10 -> #VALUE! | Z28: =$N28*$Z$10 -> #VALUE! | AA28: =$N28*$AA$10 -> #VALUE! | AB28: =$N28*$AB$10 -> #VALUE! | AC28: =$N28*$AC$10 -> #VALUE! | AD28: =$N28*$AD$10 -> #VALUE! | AE28: =$N28*$AE$10 -> #VALUE! | AF28: =$N28*$AF$10 -> #VALUE! | AG28: =$N28*$AG$10 -> #VALUE! | AH28: =$N28*$AH$10 -> #VALUE! | AI28: =$N28*$AI$10 -> #VALUE! | AJ28: =$N28*$AJ$10 -> #VALUE! | AK28: =$N28*$AK$10 -> #VALUE!
A29: =A28+1 -> #REF! | J29: =IF(ISERROR(1000000*H29/$E$2),"",1000000*H29/$E$2) -> 0 | K29: =J29*$K$11*$N$9/1000000 -> 0 | L29: =J29*$L$11*$N$9/1000000 -> 0 | M29: =IF(I29<K29,"Cần order thêm",IF(I29>L29,"Quá nhiều hàng tồn","")) | N29: =IF(M29="Cần order thêm",L29-I29,"") | Q29: =$N29*$Q$10 -> #VALUE! | R29: =$N29*$R$10 -> #VALUE! | S29: =$N29*$S$10 -> #VALUE! | T29: =$N29*$T$10 -> #VALUE! | U29: =$N29*$U$10 -> #VALUE! | V29: =$N29*$V$10 -> #VALUE! | W29: =$N29*$W$10 -> #VALUE! | X29: =$N29*$X$10 -> #VALUE! | Y29: =$N29*$Y$10 -> #VALUE! | Z29: =$N29*$Z$10 -> #VALUE! | AA29: =$N29*$AA$10 -> #VALUE! | AB29: =$N29*$AB$10 -> #VALUE! | AC29: =$N29*$AC$10 -> #VALUE! | AD29: =$N29*$AD$10 -> #VALUE! | AE29: =$N29*$AE$10 -> #VALUE! | AF29: =$N29*$AF$10 -> #VALUE! | AG29: =$N29*$AG$10 -> #VALUE! | AH29: =$N29*$AH$10 -> #VALUE! | AI29: =$N29*$AI$10 -> #VALUE! | AJ29: =$N29*$AJ$10 -> #VALUE! | AK29: =$N29*$AK$10 -> #VALUE!
A30: =A29+1 -> #REF! | J30: =IF(ISERROR(1000000*H30/$E$2),"",1000000*H30/$E$2) -> 0 | K30: =J30*$K$11*$N$9/1000000 -> 0 | L30: =J30*$L$11*$N$9/1000000 -> 0 | M30: =IF(I30<K30,"Cần order thêm",IF(I30>L30,"Quá nhiều hàng tồn","")) | N30: =IF(M30="Cần order thêm",L30-I30,"") | Q30: =$N30*$Q$10 -> #VALUE! | R30: =$N30*$R$10 -> #VALUE! | S30: =$N30*$S$10 -> #VALUE! | T30: =$N30*$T$10 -> #VALUE! | U30: =$N30*$U$10 -> #VALUE! | V30: =$N30*$V$10 -> #VALUE! | W30: =$N30*$W$10 -> #VALUE! | X30: =$N30*$X$10 -> #VALUE! | Y30: =$N30*$Y$10 -> #VALUE! | Z30: =$N30*$Z$10 -> #VALUE! | AA30: =$N30*$AA$10 -> #VALUE! | AB30: =$N30*$AB$10 -> #VALUE! | AC30: =$N30*$AC$10 -> #VALUE! | AD30: =$N30*$AD$10 -> #VALUE! | AE30: =$N30*$AE$10 -> #VALUE! | AF30: =$N30*$AF$10 -> #VALUE! | AG30: =$N30*$AG$10 -> #VALUE! | AH30: =$N30*$AH$10 -> #VALUE! | AI30: =$N30*$AI$10 -> #VALUE! | AJ30: =$N30*$AJ$10 -> #VALUE! | AK30: =$N30*$AK$10 -> #VALUE!
... A278: =A277+1 -> #REF! | J278: =IF(ISERROR(1000000*H278/$E$2),"",1000000*H278/$E$2) -> 0 | K278: =J278*$K$11*$N$9/1000000 -> 0 | L278: =J278*$L$11*$N$9/1000000 -> 0 | M278: =IF(I278<K278,"Cần order thêm",IF(I278>L278,"Quá nhiều hàng tồn","")) | N278: =IF(M278="Cần order thêm",L278-I278,"") | Q278: =$N278*$Q$10 -> #VALUE! | R278: =$N278*$R$10 -> #VALUE! | S278: =$N278*$S$10 -> #VALUE! | T278: =$N278*$T$10 -> #VALUE! | U278: =$N278*$U$10 -> #VALUE! | V278: =$N278*$V$10 -> #VALUE! | W278: =$N278*$W$10 -> #VALUE! | X278: =$N278*$X$10 -> #VALUE! | Y278: =$N278*$Y$10 -> #VALUE! | Z278: =$N278*$Z$10 -> #VALUE! | AA278: =$N278*$AA$10 -> #VALUE! | AB278: =$N278*$AB$10 -> #VALUE! | AC278: =$N278*$AC$10 -> #VALUE! | AD278: =$N278*$AD$10 -> #VALUE! | AE278: =$N278*$AE$10 -> #VALUE! | AF278: =$N278*$AF$10 -> #VALUE! | AG278: =$N278*$AG$10 -> #VALUE! | AH278: =$N278*$AH$10 -> #VALUE! | AI278: =$N278*$AI$10 -> #VALUE! | AJ278: =$N278*$AJ$10 -> #VALUE! | AK278: =$N278*$AK$10 -> #VALUE!

Sheet HÀNG KHÔ
A2: DOANH THU THÁNG | E2: 150000000 | H2: CÔNG TY TNHH KIDO EDU
H4: Trường : | I4: KIDO
F6: Kế hoạch đặt hàng hóa trong Tháng
A9: STT | B9: NHÓM | C9: TÊN NHÀ CUNG CẤP | D9: CODE | E9: TÊN HÀNG | F9: ĐVT | G9: MOQ | H9: Số xuất dùng của tháng theo doanh thu | I9: Tồn Kiểm Kê | J9: Plan Sales cho thời gian nhập hàng tới: | N9: ='FC SALE'!D15 -> 33000000 | O9: Số cần đặt sau điều chỉnh ( nhập PM )
J10: Usage per Mil | K10: Min | L10: Max | M10: Báo động | N10: Số cần đặt thêm
K11: 1.2 | L11: 1.5
A12: 1 | B12: Snack | E12: BÁNH OREO | F12: BỊCH | H12: 10 | I12: 3 | J12: =IF(ISERROR(1000000*H12/$E$2),"",1000000*H12/$E$2) -> 0.066666667 | K12: =J12*$K$11*$N$9/1000000 -> 2.64 | L12: =J12*$L$11*$N$9/1000000 -> 3.3 | M12: =IF(I12<K12,"Cần order thêm",IF(I12>L12,"Quá nhiều hàng tồn","")) | N12: =IF(M12="Cần order thêm",L12-I12,"")
A13: =A12+1 -> 2 | B13: Snack | E13: BÁNH NABATI | F13: BỊCH | J13: =IF(ISERROR(1000000*H13/$E$2),"",1000000*H13/$E$2) -> 0 | K13: =J13*$K$11*$N$9/1000000 -> 0 | L13: =J13*$L$11*$N$9/1000000 -> 0 | M13: =IF(I13<K13,"Cần order thêm",IF(I13>L13,"Quá nhiều hàng tồn","")) | N13: =IF(M13="Cần order thêm",L13-I13,"")
A14: =A13+1 -> 3 | B14: Snack | E14: BÁNH OSTAR | F14: BỊCH | J14: =IF(ISERROR(1000000*H14/$E$2),"",1000000*H14/$E$2) -> 0 | K14: =J14*$K$11*$N$9/1000000 -> 0 | L14: =J14*$L$11*$N$9/1000000 -> 0 | M14: =IF(I14<K14,"Cần order thêm",IF(I14>L14,"Quá nhiều hàng tồn","")) | N14: =IF(M14="Cần order thêm",L14-I14,"")
A15: =A14+1 -> 4 | B15: Snack | E15: BÁNH SWING | F15: BỊCH | J15: =IF(ISERROR(1000000*H15/$E$2),"",1000000*H15/$E$2) -> 0 | K15: =J15*$K$11*$N$9/1000000 -> 0 | L15: =J15*$L$11*$N$9/1000000 -> 0 | M15: =IF(I15<K15,"Cần order thêm",IF(I15>L15,"Quá nhiều hàng tồn","")) | N15: =IF(M15="Cần order thêm",L15-I15,"")
A16: =A15+1 -> 5 | B16: Snack | E16: BÁNH KEM XỐP DAISY | F16: BỊCH | J16: =IF(ISERROR(1000000*H16/$E$2),"",1000000*H16/$E$2) -> 0 | K16: =J16*$K$11*$N$9/1000000 -> 0 | L16: =J16*$L$11*$N$9/1000000 -> 0 | M16: =IF(I16<K16,"Cần order thêm",IF(I16>L16,"Quá nhiều hàng tồn","")) | N16: =IF(M16="Cần order thêm",L16-I16,"")
A17: =A16+1 -> 6 | B17: Snack | E17: BÁNH QUE TICKY SOCOLA | F17: BỊCH | J17: =IF(ISERROR(1000000*H17/$E$2),"",1000000*H17/$E$2) -> 0 | K17: =J17*$K$11*$N$9/1000000 -> 0 | L17: =J17*$L$11*$N$9/1000000 -> 0 | M17: =IF(I17<K17,"Cần order thêm",IF(I17>L17,"Quá nhiều hàng tồn","")) | N17: =IF(M17="Cần order thêm",L17-I17,"")
A18: =A17+1 -> 7 | B18: Snack | E18: BÁNH CÁ MARINE BOY ORION | F18: BỊCH | J18: =IF(ISERROR(1000000*H18/$E$2),"",1000000*H18/$E$2) -> 0 | K18: =J18*$K$11*$N$9/1000000 -> 0 | L18: =J18*$L$11*$N$9/1000000 -> 0 | M18: =IF(I18<K18,"Cần order thêm",IF(I18>L18,"Quá nhiều hàng tồn","")) | N18: =IF(M18="Cần order thêm",L18-I18,"")
A19: =A18+1 -> 8 | B19: Snack | E19: BÁNH SNACK QUE NHÂN OISHI AKIKO | F19: BỊCH | J19: =IF(ISERROR(1000000*H19/$E$2),"",1000000*H19/$E$2) -> 0 | K19: =J19*$K$11*$N$9/1000000 -> 0 | L19: =J19*$L$11*$N$9/1000000 -> 0 | M19: =IF(I19<K19,"Cần order thêm",IF(I19>L19,"Quá nhiều hàng tồn","")) | N19: =IF(M19="Cần order thêm",L19-I19,"")
A20: =A19+1 -> 9 | B20: Snack | E20: SNACK BÍ ĐỎ | F20: BỊCH | J20: =IF(ISERROR(1000000*H20/$E$2),"",1000000*H20/$E$2) -> 0 | K20: =J20*$K$11*$N$9/1000000 -> 0 | L20: =J20*$L$11*$N$9/1000000 -> 0 | M20: =IF(I20<K20,"Cần order thêm",IF(I20>L20,"Quá nhiều hàng tồn","")) | N20: =IF(M20="Cần order thêm",L20-I20,"")
A21: =A20+1 -> 10 | B21: Snack | E21: SNACK CON CUA | F21: BỊCH | J21: =IF(ISERROR(1000000*H21/$E$2),"",1000000*H21/$E$2) -> 0 | K21: =J21*$K$11*$N$9/1000000 -> 0 | L21: =J21*$L$11*$N$9/1000000 -> 0 | M21: =IF(I21<K21,"Cần order thêm",IF(I21>L21,"Quá nhiều hàng tồn","")) | N21: =IF(M21="Cần order thêm",L21-I21,"")
A22: =A21+1 -> 11 | B22: Snack | E22: SNACK BẮP NGỌT | F22: BỊCH | J22: =IF(ISERROR(1000000*H22/$E$2),"",1000000*H22/$E$2) -> 0 | K22: =J22*$K$11*$N$9/1000000 -> 0 | L22: =J22*$L$11*$N$9/1000000 -> 0 | M22: =IF(I22<K22,"Cần order thêm",IF(I22>L22,"Quá nhiều hàng tồn","")) | N22: =IF(M22="Cần order thêm",L22-I22,"")
A23: =A22+1 -> 12 | B23: Snack | E23: SNACK BẮP PHÔ MAI | F23: BỊCH | J23: =IF(ISERROR(1000000*H23/$E$2),"",1000000*H23/$E$2) -> 0 | K23: =J23*$K$11*$N$9/1000000 -> 0 | L23: =J23*$L$11*$N$9/1000000 -> 0 | M23: =IF(I23<K23,"Cần order thêm",IF(I23>L23,"Quá nhiều hàng tồn","")) | N23: =IF(M23="Cần order thêm",L23-I23,"")
A24: =A23+1 -> 13 | B24: Nước | E24: NƯỚC SUỐI | F24: THÙNG | J24: =IF(ISERROR(1000000*H24/$E$2),"",1000000*H24/$E$2) -> 0 | K24: =J24*$K$11*$N$9/1000000 -> 0 | L24: =J24*$L$11*$N$9/1000000 -> 0 | M24: =IF(I24<K24,"Cần order thêm",IF(I24>L24,"Quá nhiều hàng tồn","")) | N24: =IF(M24="Cần order thêm",L24-I24,"")
... A40: =A39+1 -> 29 | B40: Thực phẩm | E40: KEM WALL | F40: CÂY | J40: =IF(ISERROR(1000000*H40/$E$2),"",1000000*H40/$E$2) -> 0 | K40: =J40*$K$11*$N$9/1000000 -> 0 | L40: =J40*$L$11*$N$9/1000000 -> 0 | M40: =IF(I40<K40,"Cần order thêm",IF(I40>L40,"Quá nhiều hàng tồn","")) | N40: =IF(M40="Cần order thêm",L40-I40,"")
A41: =A40+1 -> 30 | J41: =IF(ISERROR(1000000*H41/$E$2),"",1000000*H41/$E$2) -> 0 | K41: =J41*$K$11*$N$9/1000000 -> 0 | L41: =J41*$L$11*$N$9/1000000 -> 0 | M41: =IF(I41<K41,"Cần order thêm",IF(I41>L41,"Quá nhiều hàng tồn","")) | N41: =IF(M41="Cần order thêm",L41-I41,"")
A42: =A41+1 -> 31 | J42: =IF(ISERROR(1000000*H42/$E$2),"",1000000*H42/$E$2) -> 0 | K42: =J42*$K$11*$N$9/1000000 -> 0 | L42: =J42*$L$11*$N$9/1000000 -> 0 | M42: =IF(I42<K42,"Cần order thêm",IF(I42>L42,"Quá nhiều hàng tồn","")) | N42: =IF(M42="Cần order thêm",L42-I42,"")
A43: =A42+1 -> 32 | J43: =IF(ISERROR(1000000*H43/$E$2),"",1000000*H43/$E$2) -> 0 | K43: =J43*$K$11*$N$9/1000000 -> 0 | L43: =J43*$L$11*$N$9/1000000 -> 0 | M43: =IF(I43<K43,"Cần order thêm",IF(I43>L43,"Quá nhiều hàng tồn","")) | N43: =IF(M43="Cần order thêm",L43-I43,"")
A44: =A43+1 -> 33 | J44: =IF(ISERROR(1000000*H44/$E$2),"",1000000*H44/$E$2) -> 0 | K44: =J44*$K$11*$N$9/1000000 -> 0 | L44: =J44*$L$11*$N$9/1000000 -> 0 | M44: =IF(I44<K44,"Cần order thêm",IF(I44>L44,"Quá nhiều hàng tồn","")) | N44: =IF(M44="Cần order thêm",L44-I44,"")
A45: =A44+1 -> 34 | J45: =IF(ISERROR(1000000*H45/$E$2),"",1000000*H45/$E$2) -> 0 | K45: =J45*$K$11*$N$9/1000000 -> 0 | L45: =J45*$L$11*$N$9/1000000 -> 0 | M45: =IF(I45<K45,"Cần order thêm",IF(I45>L45,"Quá nhiều hàng tồn","")) | N45: =IF(M45="Cần order thêm",L45-I45,"")
A46: =A45+1 -> 35 | J46: =IF(ISERROR(1000000*H46/$E$2),"",1000000*H46/$E$2) -> 0 | K46: =J46*$K$11*$N$9/1000000 -> 0 | L46: =J46*$L$11*$N$9/1000000 -> 0 | M46: =IF(I46<K46,"Cần order thêm",IF(I46>L46,"Quá nhiều hàng tồn","")) | N46: =IF(M46="Cần order thêm",L46-I46,"")
A47: =A46+1 -> 36 | J47: =IF(ISERROR(1000000*H47/$E$2),"",1000000*H47/$E$2) -> 0 | K47: =J47*$K$11*$N$9/1000000 -> 0 | L47: =J47*$L$11*$N$9/1000000 -> 0 | M47: =IF(I47<K47,"Cần order thêm",IF(I47>L47,"Quá nhiều hàng tồn","")) | N47: =IF(M47="Cần order thêm",L47-I47,"")
A48: =A47+1 -> 37 | J48: =IF(ISERROR(1000000*H48/$E$2),"",1000000*H48/$E$2) -> 0 | K48: =J48*$K$11*$N$9/1000000 -> 0 | L48: =J48*$L$11*$N$9/1000000 -> 0 | M48: =IF(I48<K48,"Cần order thêm",IF(I48>L48,"Quá nhiều hàng tồn","")) | N48: =IF(M48="Cần order thêm",L48-I48,"")
A49: =A48+1 -> 38 | J49: =IF(ISERROR(1000000*H49/$E$2),"",1000000*H49/$E$2) -> 0 | K49: =J49*$K$11*$N$9/1000000 -> 0 | L49: =J49*$L$11*$N$9/1000000 -> 0 | M49: =IF(I49<K49,"Cần order thêm",IF(I49>L49,"Quá nhiều hàng tồn","")) | N49: =IF(M49="Cần order thêm",L49-I49,"")
A50: =A49+1 -> 39 | J50: =IF(ISERROR(1000000*H50/$E$2),"",1000000*H50/$E$2) -> 0 | K50: =J50*$K$11*$N$9/1000000 -> 0 | L50: =J50*$L$11*$N$9/1000000 -> 0 | M50: =IF(I50<K50,"Cần order thêm",IF(I50>L50,"Quá nhiều hàng tồn","")) | N50: =IF(M50="Cần order thêm",L50-I50,"")
A51: =A50+1 -> 40 | J51: =IF(ISERROR(1000000*H51/$E$2),"",1000000*H51/$E$2) -> 0 | K51: =J51*$K$11*$N$9/1000000 -> 0 | L51: =J51*$L$11*$N$9/1000000 -> 0 | M51: =IF(I51<K51,"Cần order thêm",IF(I51>L51,"Quá nhiều hàng tồn","")) | N51: =IF(M51="Cần order thêm",L51-I51,"")
A52: =A51+1 -> 41 | J52: =IF(ISERROR(1000000*H52/$E$2),"",1000000*H52/$E$2) -> 0 | K52: =J52*$K$11*$N$9/1000000 -> 0 | L52: =J52*$L$11*$N$9/1000000 -> 0 | M52: =IF(I52<K52,"Cần order thêm",IF(I52>L52,"Quá nhiều hàng tồn","")) | N52: =IF(M52="Cần order thêm",L52-I52,"")
... A326: =A325+1 -> 315 | J326: =IF(ISERROR(1000000*H326/$E$2),"",1000000*H326/$E$2) -> 0 | K326: =J326*$K$11*$N$9/1000000 -> 0 | L326: =J326*$L$11*$N$9/1000000 -> 0 | M326: =IF(I326<K326,"Cần order thêm",IF(I326>L326,"Quá nhiều hàng tồn","")) | N326: =IF(M326="Cần order thêm",L326-I326,"")

Sheet Weekly - 30%
A2: DOANH THU THÁNG : | E2: ='ĐƠN RAU'!E2 -> 10000000 | H2: CÔNG TY TNHH KIDO EDU
H4: Trường : | I4: KIDO
F6: Kế hoạch đặt hàng hóa trong Tuần
A9: STT | B9: NHÓM | C9: TÊN NHÀ CUNG CẤP | D9: CODE | E9: TÊN HÀNG | F9: ĐVT | G9: MOQ | H9: Số xuất dùng của tháng theo doanh thu | I9: Tồn Kiểm Kê | J9: Plan Sales cho thời gian nhập hàng tới: | N9: ='FC SALE'!D15 -> 33000000 | O9: Số cần đặt sau điều chỉnh ( nhập PM)
J10: Usage per Mil | K10: Min | L10: Max | M10: Báo động | N10: Số cần đặt thêm
K11: 1.2 | L11: 1.5
A12: 1 | B12: Snack | E12: BÁNH OREO | F12: BỊCH | G12: Không yêu cầu | H12: 3 | I12: 10 | J12: =IF(ISERROR(1000000*H12/$E$2),"",1000000*H12/$E$2) -> 0.3 | K12: =J12*$K$11*$N$9/1000000 -> 11.88 | L12: =J12*$L$11*$N$9/1000000 -> 14.85 | M12: =IF(I12<K12,"Cần order thêm",IF(I12>L12,"Quá nhiều hàng tồn","")) -> Cần order thêm | N12: =IF(M12="Cần order thêm",L12-I12,"") -> 4.85
A13: =A12+1 -> 2 | B13: Snack | E13: BÁNH NABATI | F13: BỊCH | G13: Không yêu cầu | J13: =IF(ISERROR(1000000*H13/$E$2),"",1000000*H13/$E$2) -> 0 | K13: =J13*$K$11*$N$9/1000000 -> 0 | L13: =J13*$L$11*$N$9/1000000 -> 0 | M13: =IF(I13<K13,"Cần order thêm",IF(I13>L13,"Quá nhiều hàng tồn","")) | N13: =IF(M13="Cần order thêm",L13-I13,"")
A14: =A13+1 -> 3 | B14: Snack | E14: BÁNH OSTAR | F14: BỊCH | G14: Không yêu cầu | J14: =IF(ISERROR(1000000*H14/$E$2),"",1000000*H14/$E$2) -> 0 | K14: =J14*$K$11*$N$9/1000000 -> 0 | L14: =J14*$L$11*$N$9/1000000 -> 0 | M14: =IF(I14<K14,"Cần order thêm",IF(I14>L14,"Quá nhiều hàng tồn","")) | N14: =IF(M14="Cần order thêm",L14-I14,"")
A15: =A14+1 -> 4 | B15: Snack | E15: BÁNH SWING | F15: BỊCH | G15: 500000 | H15: 0 | I15: 0 | J15: =IF(ISERROR(1000000*H15/$E$2),"",1000000*H15/$E$2) -> 0 | K15: =J15*$K$11*$N$9/1000000 -> 0 | L15: =J15*$L$11*$N$9/1000000 -> 0 | M15: =IF(I15<K15,"Cần order thêm",IF(I15>L15,"Quá nhiều hàng tồn","")) | N15: =IF(M15="Cần order thêm",L15-I15,"")
A16: =A15+1 -> 5 | B16: Snack | E16: BÁNH KEM XỐP DAISY | F16: BỊCH | G16: Không yêu cầu | J16: =IF(ISERROR(1000000*H16/$E$2),"",1000000*H16/$E$2) -> 0 | K16: =J16*$K$11*$N$9/1000000 -> 0 | L16: =J16*$L$11*$N$9/1000000 -> 0 | M16: =IF(I16<K16,"Cần order thêm",IF(I16>L16,"Quá nhiều hàng tồn","")) | N16: =IF(M16="Cần order thêm",L16-I16,"")
A17: =A16+1 -> 6 | B17: Snack | E17: BÁNH QUE TICKY SOCOLA | F17: BỊCH | G17: 1000000 | H17: 0 | I17: 0 | J17: =IF(ISERROR(1000000*H17/$E$2),"",1000000*H17/$E$2) -> 0 | K17: =J17*$K$11*$N$9/1000000 -> 0 | L17: =J17*$L$11*$N$9/1000000 -> 0 | M17: =IF(I17<K17,"Cần order thêm",IF(I17>L17,"Quá nhiều hàng tồn","")) | N17: =IF(M17="Cần order thêm",L17-I17,"")
A18: =A17+1 -> 7 | B18: Snack | E18: BÁNH CÁ MARINE BOY ORION | F18: BỊCH | G18: 1000000 | J18: =IF(ISERROR(1000000*H18/$E$2),"",1000000*H18/$E$2) -> 0 | K18: =J18*$K$11*$N$9/1000000 -> 0 | L18: =J18*$L$11*$N$9/1000000 -> 0 | M18: =IF(I18<K18,"Cần order thêm",IF(I18>L18,"Quá nhiều hàng tồn","")) | N18: =IF(M18="Cần order thêm",L18-I18,"")
A19: =A18+1 -> 8 | B19: Snack | E19: BÁNH SNACK QUE NHÂN OISHI AKIKO | F19: BỊCH | G19: Không yêu cầu | J19: =IF(ISERROR(1000000*H19/$E$2),"",1000000*H19/$E$2) -> 0 | K19: =J19*$K$11*$N$9/1000000 -> 0 | L19: =J19*$L$11*$N$9/1000000 -> 0 | M19: =IF(I19<K19,"Cần order thêm",IF(I19>L19,"Quá nhiều hàng tồn","")) | N19: =IF(M19="Cần order thêm",L19-I19,"")
A20: =A19+1 -> 9 | B20: Snack | E20: SNACK BÍ ĐỎ | F20: BỊCH | G20: 1000000 | J20: =IF(ISERROR(1000000*H20/$E$2),"",1000000*H20/$E$2) -> 0 | K20: =J20*$K$11*$N$9/1000000 -> 0 | L20: =J20*$L$11*$N$9/1000000 -> 0 | M20: =IF(I20<K20,"Cần order thêm",IF(I20>L20,"Quá nhiều hàng tồn","")) | N20: =IF(M20="Cần order thêm",L20-I20,"")
A21: =A20+1 -> 10 | B21: Snack | E21: SNACK CON CUA | F21: BỊCH | G21: Không yêu cầu | J21: =IF(ISERROR(1000000*H21/$E$2),"",1000000*H21/$E$2) -> 0 | K21: =J21*$K$11*$N$9/1000000 -> 0 | L21: =J21*$L$11*$N$9/1000000 -> 0 | M21: =IF(I21<K21,"Cần order thêm",IF(I21>L21,"Quá nhiều hàng tồn","")) | N21: =IF(M21="Cần order thêm",L21-I21,"")
A22: =A21+1 -> 11 | B22: Snack | E22: SNACK BẮP NGỌT | F22: BỊCH | G22: Không yêu cầu | J22: =IF(ISERROR(1000000*H22/$E$2),"",1000000*H22/$E$2) -> 0 | K22: =J22*$K$11*$N$9/1000000 -> 0 | L22: =J22*$L$11*$N$9/1000000 -> 0 | M22: =IF(I22<K22,"Cần order thêm",IF(I22>L22,"Quá nhiều hàng tồn","")) | N22: =IF(M22="Cần order thêm",L22-I22,"")
A23: =A22+1 -> 12 | B23: Snack | E23: SNACK BẮP PHÔ MAI | F23: BỊCH | G23: 30kg | J23: =IF(ISERROR(1000000*H23/$E$2),"",1000000*H23/$E$2) -> 0 | K23: =J23*$K$11*$N$9/1000000 -> 0 | L23: =J23*$L$11*$N$9/1000000 -> 0 | M23: =IF(I23<K23,"Cần order thêm",IF(I23>L23,"Quá nhiều hàng tồn","")) | N23: =IF(M23="Cần order thêm",L23-I23,"")
A24: =A23+1 -> 13 | B24: Nước | E24: NƯỚC SUỐI | F24: THÙNG | G24: Không yêu cầu | J24: =IF(ISERROR(1000000*H24/$E$2),"",1000000*H24/$E$2) -> 0 | K24: =J24*$K$11*$N$9/1000000 -> 0 | L24: =J24*$L$11*$N$9/1000000 -> 0 | M24: =IF(I24<K24,"Cần order thêm",IF(I24>L24,"Quá nhiều hàng tồn","")) | N24: =IF(M24="Cần order thêm",L24-I24,"")
A25: =A24+1 -> 14 | B25: Nước | E25: SỮA MILO | F25: THÙNG | G25: 24kg | J25: =IF(ISERROR(1000000*H25/$E$2),"",1000000*H25/$E$2) -> 0 | K25: =J25*$K$11*$N$9/1000000 -> 0 | L25: =J25*$L$11*$N$9/1000000 -> 0 | M25: =IF(I25<K25,"Cần order thêm",IF(I25>L25,"Quá nhiều hàng tồn","")) | N25: =IF(M25="Cần order thêm",L25-I25,"")
A26: =A25+1 -> 15 | B26: Nước | E26: SỮA VINAMIILK | F26: THÙNG | G26: 2 box | J26: =IF(ISERROR(1000000*H26/$E$2),"",1000000*H26/$E$2) -> 0 | K26: =J26*$K$11*$N$9/1000000 -> 0 | L26: =J26*$L$11*$N$9/1000000 -> 0 | M26: =IF(I26<K26,"Cần order thêm",IF(I26>L26,"Quá nhiều hàng tồn","")) | N26: =IF(M26="Cần order thêm",L26-I26,"")
A27: =A26+1 -> 16 | B27: Nước | E27: NƯỚC C2 CHANH - 355 ML | F27: THÙNG | G27: 2 box | J27: =IF(ISERROR(1000000*H27/$E$2),"",1000000*H27/$E$2) -> 0 | K27: =J27*$K$11*$N$9/1000000 -> 0 | L27: =J27*$L$11*$N$9/1000000 -> 0 | M27: =IF(I27<K27,"Cần order thêm",IF(I27>L27,"Quá nhiều hàng tồn","")) | N27: =IF(M27="Cần order thêm",L27-I27,"")
A28: =A27+1 -> 17 | B28: Nước | E28: NƯỚC C2 ĐÀO - 355 ML | F28: THÙNG | G28: 2 box | J28: =IF(ISERROR(1000000*H28/$E$2),"",1000000*H28/$E$2) -> 0 | K28: =J28*$K$11*$N$9/1000000 -> 0 | L28: =J28*$L$11*$N$9/1000000 -> 0 | M28: =IF(I28<K28,"Cần order thêm",IF(I28>L28,"Quá nhiều hàng tồn","")) | N28: =IF(M28="Cần order thêm",L28-I28,"")
A29: =A28+1 -> 18 | B29: Nước | E29: NƯỚC C2 VẢI - 355 ML | F29: THÙNG | G29: Không yêu cầu | J29: =IF(ISERROR(1000000*H29/$E$2),"",1000000*H29/$E$2) -> 0 | K29: =J29*$K$11*$N$9/1000000 -> 0 | L29: =J29*$L$11*$N$9/1000000 -> 0 | M29: =IF(I29<K29,"Cần order thêm",IF(I29>L29,"Quá nhiều hàng tồn","")) | N29: =IF(M29="Cần order thêm",L29-I29,"")
A30: =A29+1 -> 19 | B30: Nước | E30: TRÀ Ô LONG - 350 ML | F30: THÙNG | G30: 250000 | J30: =IF(ISERROR(1000000*H30/$E$2),"",1000000*H30/$E$2) -> 0 | K30: =J30*$K$11*$N$9/1000000 -> 0 | L30: =J30*$L$11*$N$9/1000000 -> 0 | M30: =IF(I30<K30,"Cần order thêm",IF(I30>L30,"Quá nhiều hàng tồn","")) | N30: =IF(M30="Cần order thêm",L30-I30,"")
A31: =A30+1 -> 20 | B31: Nước | E31: TH TRUE TRÀ VẢI - 350 ML | F31: THÙNG | G31: 500000 | J31: =IF(ISERROR(1000000*H31/$E$2),"",1000000*H31/$E$2) -> 0 | K31: =J31*$K$11*$N$9/1000000 -> 0 | L31: =J31*$L$11*$N$9/1000000 -> 0 | M31: =IF(I31<K31,"Cần order thêm",IF(I31>L31,"Quá nhiều hàng tồn","")) | N31: =IF(M31="Cần order thêm",L31-I31,"")
